cur_glucose_levels,glucose_levels_lag_1,glucose_levels_lag_2,glucose_levels_lag_3,glucose_levels_lag_4,glucose_levels_lag_5,glucose_mean_levels_lag_1_2,glucose_mean_levels_lag_1_3,glucose_mean_levels_lag_1_4,rolling_mean_2,rolling_mean_3,rolling_mean_5,rolling_mean_10,rolling_std_1,rolling_std_2,rolling_std_3,rolling_std_5,rolling_std_10,rolling_max_2,rolling_min_2,rolling_max_3,rolling_min_3,rolling_max_5,rolling_min_5,rolling_max_10,rolling_min_10,diff_1,diff_4,minute_of_day,hour_of_day,hour_sin,hour_cos,day_period_afternoon,day_period_evening,day_period_morning,day_period_night,day_of_week_0
149.02,,,,,,,,,,,,,,,,,,,,,,,,,,,,0,0,0.0,1.0,False,False,False,True,True
149.02000000005214,149.02,,,,,149.02,149.02,149.02,149.02000000002607,,,,,3.6858234486093357e-11,,,,149.02000000005214,149.02,,,,,,,5.212541509536095e-11,,5,0,0.0,1.0,False,False,False,True,True
149.02000000461345,149.02000000005214,149.02,,,,149.02000000002607,149.02000000005214,149.02000000005214,149.02000000233278,149.0200000015552,,,,3.2253467323109048e-09,2.6486560194381465e-09,,,149.02000000461345,149.02000000005214,149.02000000461345,149.02,,,,,4.561314881357248e-09,,10,0,0.0,1.0,False,False,False,True,True
149.02000005301016,149.02000000461345,149.02000000005214,149.02,,,149.02000000233278,149.02000000230674,149.02000000461345,149.0200000288118,149.02000001922525,,,,3.4221657681921675e-08,2.9347351057741757e-08,,,149.02000005301016,149.02000000461345,149.02000005301016,149.02000000005214,,,,,4.839671419176739e-08,,15,0,0.0,1.0,False,False,False,True,True
149.02000027447733,149.02000005301016,149.02000000461345,149.02000000005214,149.02,,149.0200000288118,149.02000002653114,149.0200000265051,149.02000016374376,149.0200001107003,149.0200000664306,,,1.5660092415997607e-07,1.4388447406058866e-07,1.1843145045931137e-07,,149.02000027447733,149.02000005301016,149.02000027447733,149.02000000461345,149.02000027447733,149.02,,,2.214671610545338e-07,2.744773155427538e-07,20,0,0.0,1.0,False,False,False,True,True
149.02000092787665,149.02000027447733,149.02000005301016,149.02000000461345,149.02000000005214,149.02,149.02000016374376,149.0200001395454,149.02000013726473,149.020000601177,149.0200004184547,149.02000025200596,,,4.620230647047222e-07,4.5485706839741557e-07,3.942046602314428e-07,,149.02000092787665,149.02000027447733,149.02000092787665,149.02000005301016,149.02000092787665,149.02000000005214,,,6.533993257562543e-07,9.278245158839127e-07,25,0,0.0,1.0,False,False,False,True,True
149.02000241233705,149.02000092787665,149.02000027447733,149.02000005301016,149.02000000461345,149.02000000005214,149.020000601177,149.0200004904434,149.02000046624505,149.02000167010686,149.020001204897,149.02000073446294,,,1.0496719720755363e-06,1.095520983040864e-06,1.0076352602641401e-06,,149.02000241233705,149.02000092787665,149.02000241233705,149.02000027447733,149.02000241233705,149.02000000461345,,,1.4844603981600812e-06,2.4077235991626367e-06,30,0,0.0,1.0,False,False,False,True,True
149.02000525553908,149.02000241233705,149.02000092787665,149.02000027447733,149.02000005301016,149.02000000461345,149.02000167010686,149.0200013434072,149.02000123267362,149.02000383393806,149.02000286525094,149.02000178464806,,,2.010447390336915e-06,2.1990938231625384e-06,2.1479246064188505e-06,,149.02000525553908,149.02000241233705,149.02000525553908,149.02000092787665,149.02000525553908,149.02000005301016,,,2.843202025815117e-06,5.202528910785986e-06,35,0,0.0,1.0,False,False,False,True,True
149.0200100888943,149.02000525553908,149.02000241233705,149.02000092787665,149.02000027447733,149.02000005301016,149.02000383393806,149.02000309170785,149.0200027650082,149.0200076722167,149.0200059189235,149.02000379182488,,,3.417698227044226e-06,3.881036168625916e-06,4.0085054081397435e-06,,149.0200100888943,149.02000525553908,149.0200100888943,149.02000241233705,149.0200100888943,149.02000027447733,,,4.833355234268311e-06,9.814416983999763e-06,40,0,0.0,1.0,False,False,False,True,True
149.0200176169034,149.0200100888943,149.02000525553908,149.02000241233705,149.02000092787665,149.02000027447733,149.0200076722167,149.02000625061567,149.02000550838548,149.02001385289884,149.02001098711227,149.0200072603101,149.02000366337035,,5.323106222702122e-06,6.229440442758991e-06,6.761685749000878e-06,5.890835032527258e-06,149.0200176169034,149.0200100888943,149.0200176169034,149.02000525553908,149.0200176169034,149.02000092787665,149.0200176169034,149.02,7.528009092538923e-06,1.6689026750782432e-05,45,0,0.0,1.0,False,False,False,True,True
149.02002858555835,149.0200176169034,149.0200100888943,149.02000525553908,149.02000241233705,149.02000092787665,149.02001385289884,149.02001143622124,149.02001001462023,149.0200231012309,149.02001876378534,149.02001279184643,149.02000652192618,,7.756010222179126e-06,9.301513217241635e-06,1.0542279230286528e-05,9.651132315738193e-06,149.02002858555835,149.0200176169034,149.02002858555835,149.0200100888943,149.02002858555835,149.02000241233705,149.02002858555835,149.02000000005214,1.0968654947873802e-05,2.6173221300496152e-05,50,0,0.0,1.0,False,False,False,True,True
149.02004375272514,149.02002858555835,149.0200176169034,149.0200100888943,149.02000525553908,149.02000241233705,149.0200231012309,149.02001933722633,149.0200169205487,149.02003616914175,149.0200299850623,149.02002105992406,149.02001089719346,,1.0724806414532746e-05,1.3123995273460404e-05,1.544016567528283e-05,1.4871550419382895e-05,149.02004375272514,149.02002858555835,149.02004375272514,149.0200176169034,149.02004375272514,149.02000525553908,149.02004375272514,149.02000000461345,1.516716679361707e-05,3.8497186068298106e-05,55,0,0.0,1.0,False,False,False,True,True
149.02006386209322,149.02004375272514,149.02002858555835,149.0200176169034,149.0200100888943,149.02000525553908,149.02003616914175,149.0200306848143,149.02002692080973,149.02005380740917,149.02004540012558,149.02003278123487,149.02001728294147,,1.4219470487042679e-05,1.7695873050501223e-05,2.149939726467973e-05,2.178001541829131e-05,149.02006386209322,149.02004375272514,149.02006386209322,149.02002858555835,149.02006386209322,149.0200100888943,149.02006386209322,149.02000005301016,2.010936808005681e-05,5.3773198914086606e-05,60,1,0.25881904510252074,0.9659258262890683,False,False,False,True,True
149.02008962139553,149.02006386209322,149.02004375272514,149.02002858555835,149.0200176169034,149.0200100888943,149.02005380740917,149.02004622382577,149.0200407394983,149.0200767417444,149.02006574540462,149.02004868773514,149.02002623978,,1.8214577336054583e-05,2.2992256849966737e-05,2.872139502612522e-05,3.055605684943282e-05,149.02008962139553,149.02006386209322,149.02008962139553,149.02004375272514,149.02008962139553,149.0200176169034,149.02008962139553,149.02000027447733,2.5759302303640652e-05,7.200449212518834e-05,65,1,0.25881904510252074,0.9659258262890683,False,False,False,True,True
149.02012168504984,149.02008962139553,149.02006386209322,149.02004375272514,149.02002858555835,149.0200176169034,149.0200767417444,149.02006668706034,149.02005910347694,149.02010565322269,149.02009172284622,149.02006950136442,149.02003838083726,,2.2672427421832186e-05,2.896870114670398e-05,3.707037121236382e-05,4.1318012459456454e-05,149.02012168504984,149.02008962139553,149.02012168504984,149.02006386209322,149.02012168504984,149.02002858555835,149.02012168504984,149.02000092787665,3.206365431651648e-05,9.309949149383101e-05,70,1,0.25881904510252074,0.9659258262890683,False,False,False,True,True
149.0201606410423,149.02012168504984,149.02008962139553,149.02006386209322,149.02004375272514,149.02002858555835,149.02010565322269,149.02009277357155,149.0200827188875,149.02014116304608,149.02012398249587,149.02009591246122,149.02005435215383,,2.754604646086829e-05,3.556552047019676e-05,4.6479719302155985e-05,5.4117780348806905e-05,149.0201606410423,149.02012168504984,149.0201606410423,149.02008962139553,149.0201606410423,149.02004375272514,149.0201606410423,149.02000241233705,3.895599246561687e-05,0.00011688831716583081,75,1,0.25881904510252074,0.9659258262890683,False,False,False,True,True
149.02020700168708,149.0201606410423,149.02012168504984,149.02008962139553,149.02006386209322,149.02004375272514,149.02014116304608,149.02012513121892,149.02011225156775,149.0201838213647,149.02016310925976,149.0201285622536,149.02007481108882,,3.278192631703559e-05,4.2711839272789366e-05,5.685857577764776e-05,6.894205505336794e-05,149.02020700168708,149.0201606410423,149.02020700168708,149.02012168504984,149.02020700168708,149.02006386209322,149.02020700168708,149.02000525553908,4.6360644773812965e-05,0.00014313959385958697,80,1,0.25881904510252074,0.9659258262890683,False,False,False,True,True
149.02026119780598,149.02020700168708,149.0201606410423,149.02012168504984,149.02008962139553,149.02006386209322,149.0201838213647,149.02016434336846,149.0201483115413,149.02023409974652,149.02020961351178,149.02016802939616,149.02010040531553,,3.8322443210044786e-05,5.032923499164534e-05,6.809807791631328e-05,8.571817650630542e-05,149.02026119780598,149.02020700168708,149.02026119780598,149.0201606410423,149.02026119780598,149.02008962139553,149.02026119780598,149.0200100888943,5.419611889578846e-05,0.00017157641045173477,85,1,0.25881904510252074,0.9659258262890683,False,False,False,True,True
149.02032357583937,149.02026119780598,149.02020700168708,149.0201606410423,149.02012168504984,149.02008962139553,149.02023409974652,149.02021091942413,149.02019144142793,149.0202923868227,149.0202639251108,149.0202148202849,149.02013175401004,,4.410793046702696e-05,5.833491136441298e-05,8.007705343834945e-05,0.00010432272170834685,149.02032357583937,149.02026119780598,149.02032357583937,149.02020700168708,149.02032357583937,149.02012168504984,149.02032357583937,149.0200176169034,6.237803339104175e-05,0.00020189078952626005,90,1,0.25881904510252074,0.9659258262890683,False,False,False,True,True
149.02039439740463,149.02032357583937,149.02026119780598,149.02020700168708,149.0201606410423,149.02012168504984,149.0202923868227,149.02026528876323,149.02024210844084,149.020358986622,149.02032639035,149.02026936275587,149.02016943206016,,5.0078409129002084e-05,6.664438736020895e-05,9.266701432793085e-05,0.00012459132813927626,149.02039439740463,149.02032357583937,149.02039439740463,149.02026119780598,149.02039439740463,149.0201606410423,149.02039439740463,149.02002858555835,7.082156525939354e-05,0.00023375636232003671,95,1,0.25881904510252074,0.9659258262890683,False,False,False,True,True
149.0204738408461,149.02039439740463,149.02032357583937,149.02026119780598,149.02020700168708,149.0201606410423,149.020358986622,149.02032779760532,149.02030069954586,149.02043411912535,149.02039727136335,149.02033200271666,149.02021395758894,,5.6174996271529475e-05,7.517371738180589e-05,0.00010573641419429147,0.00014632867731578564,149.0204738408461,149.02039439740463,149.0204738408461,149.02032357583937,149.0204738408461,149.02020700168708,149.0204738408461,149.02004375272514,7.944344147858828e-05,0.00026683915902481203,100,1,0.25881904510252074,0.9659258262890683,False,False,False,True,True
149.02056200436058,149.0204738408461,149.02039439740463,149.02032357583937,149.02026119780598,149.02020700168708,149.02043411912535,149.02039870834273,149.02036751932604,149.02051792260335,149.02047674753712,149.02040300325135,149.02026578275246,,6.234101904091287e-05,8.384127594256396e-05,0.0001191541819848388,0.0001693179521016791,149.02056200436058,149.0204738408461,149.02056200436058,149.02039439740463,149.02056200436058,149.02026119780598,149.02056200436058,149.02006386209322,8.81635144764914e-05,0.000300806554605515,105,1,0.25881904510252074,0.9659258262890683,False,False,False,True,True
149.02065891032643,149.02056200436058,149.0204738408461,149.02039439740463,149.02032357583937,149.02026119780598,149.02051792260335,149.02047820088262,149.0204427901,149.0206104573435,149.02056491851104,149.02048254575544,149.0203252875758,,6.852286568028122e-05,9.25691489213998e-05,0.00013279257630863388,0.0001933293726517957,149.02065891032643,149.02056200436058,149.02065891032643,149.0204738408461,149.02065891032643,149.02032357583937,149.02065891032643,149.02008962139553,9.690596584732702e-05,0.00033533448706180025,110,1,0.25881904510252074,0.9659258262890683,False,False,False,True,True
149.0207645105141,149.02065891032643,149.02056200436058,149.0204738408461,149.02039439740463,149.02032357583937,149.0206104573435,149.02056637558627,149.02052665386555,149.02071171042027,149.02066180840038,149.02057073269037,149.02039277648765,,7.467060888804245e-05,0.00010128417778277005,0.00014652942257546044,0.00021812761957704067,149.0207645105141,149.02065891032643,149.0207645105141,149.02056200436058,149.0207645105141,149.02039439740463,149.0207645105141,149.02012168504984,0.00010560018768046575,0.00037011310948287246,115,1,0.25881904510252074,0.9659258262890683,False,False,False,True,True
149.02087869190046,149.0207645105141,149.02065891032643,149.02056200436058,149.0204738408461,149.02039439740463,149.02071171042027,149.02066325743735,149.0206191756801,149.02082160120727,149.02076737091366,149.02066759158953,149.0204684771727,,8.073843266253118e-05,0.0001099187039429922,0.00016024980267419177,0.00024347808694478114,149.02087869190046,149.0207645105141,149.02087869190046,149.02065891032643,149.02087869190046,149.0204738408461,149.02087869190046,149.0201606410423,0.00011418138635121977,0.00040485105435550395,120,2,0.49999999999999994,0.8660254037844387,False,False,False,True,True
149.0210012828528,149.02087869190046,149.0207645105141,149.02065891032643,149.02056200436058,149.0204738408461,149.02082160120727,149.02076880111343,149.0207203481305,149.02093998737664,149.02088149508913,149.02077307999087,149.02055254135377,,8.668489384575781e-05,0.00011841105728161974,0.00017384726880964095,0.000269151992089689,149.0210012828528,149.02087869190046,149.0210012828528,149.0207645105141,149.0210012828528,149.02056200436058,149.0210012828528,149.02020700168708,0.00012259095234412598,0.00043927849222313853,125,2,0.49999999999999994,0.8660254037844387,False,False,False,True,True
149.0211320594902,149.0210012828528,149.02087869190046,149.0207645105141,149.02065891032643,149.02056200436058,149.02093998737664,149.02088289668347,149.02083009658963,149.02106667117152,149.02100401141448,149.02088709101682,149.02064504713408,,9.247304734100005e-05,0.0001267058312128869,0.00018722465149677628,0.00029493041908424885,149.0211320594902,149.0210012828528,149.0211320594902,149.02087869190046,149.0211320594902,149.02065891032643,149.0211320594902,149.02026119780598,0.00013077663740546086,0.00047314916378127236,130,2,0.49999999999999994,0.8660254037844387,False,False,False,True,True
149.02127075206343,149.0211320594902,149.0210012828528,149.02087869190046,149.0207645105141,149.02065891032643,149.02106667117152,149.02100537569532,149.02094828500216,149.02120140577682,149.02113469813548,149.02100945936422,149.0207460025598,,9.807045934744202e-05,0.0001347539821118023,0.00020029452655328568,0.0003206073994011648,149.02127075206343,149.0211320594902,149.02127075206343,149.0210012828528,149.02127075206343,149.0207645105141,149.02127075206343,149.02032357583937,0.00013869257321630357,0.0005062415493171102,135,2,0.49999999999999994,0.8660254037844387,False,False,False,True,True
149.02141705122872,149.02127075206343,149.0211320594902,149.0210012828528,149.02087869190046,149.0207645105141,149.02120140577682,149.0211360174581,149.02107472198196,149.02134390164608,149.0212732875941,149.02113996750714,149.02085535009877,,0.00010344913232715824,0.00014251278690990092,0.0002129794012537291,0.00034599214507697413,149.02141705122872,149.02127075206343,149.02141705122872,149.0211320594902,149.02141705122872,149.02087869190046,149.02141705122872,149.02039439740463,0.00014629916529429465,0.0005383593282601851,140,2,0.49999999999999994,0.8660254037844387,False,False,False,True,True
149.0215706141168,149.02141705122872,149.02127075206343,149.0211320594902,149.0210012828528,149.02087869190046,149.02134390164608,149.02127455535947,149.02120916704075,149.02149383267277,149.02141947246966,149.0212783519504,149.02097297176996,,0.00010858536008561995,0.00014994568872273757,0.00022521167291659252,0.00037091055135035265,149.0215706141168,149.02141705122872,149.0215706141168,149.02127075206343,149.0215706141168,149.0210012828528,149.0215706141168,149.0204738408461,0.00015356288807311103,0.0005693312639891701,145,2,0.49999999999999994,0.8660254037844387,False,False,False,True,True
149.02173107012322,149.0215706141168,149.02141705122872,149.02127075206343,149.0211320594902,149.0210012828528,149.02149383267277,149.02142068309013,149.0213513368035,149.02165084212,149.02157291182291,149.0214243094045,149.02109869469768,,0.00011345953089943844,0.00015702205617736383,0.000236933407096145,0.0003952060815988358,149.02173107012322,149.0215706141168,149.02173107012322,149.02141705122872,149.02173107012322,149.0211320594902,149.02173107012322,149.02056200436058,0.000160456006426557,0.0005990106330102662,150,2,0.49999999999999994,0.8660254037844387,False,False,False,True,True
149.02189802636627,149.02173107012322,149.0215706141168,149.02141705122872,149.02127075206343,149.0211320594902,149.02165084212,149.02157406067596,149.0215009110933,149.02181454824475,149.02173323686876,149.0215775027797,149.02123229689826,,0.0001180558923473135,0.0001637168787445424,0.0002480959763999706,0.00041874013962779665,149.02189802636627,149.02173107012322,149.02189802636627,149.0215706141168,149.02189802636627,149.02127075206343,149.02189802636627,149.02065891032643,0.0001669562430492988,0.0006272743028432615,155,2,0.49999999999999994,0.8660254037844387,False,False,False,True,True
149.0220710727753,149.02189802636627,149.02173107012322,149.0215706141168,149.02141705122872,149.02127075206343,149.02181454824475,149.02173432024153,149.0216575387975,149.0219845495708,149.0219000564216,149.02173756692207,149.02137351314315,,0.00012236229006530236,0.00017001041652785288,0.00025865959496758714,0.00044139202450764914,149.0220710727753,149.02189802636627,149.0220710727753,149.02173107012322,149.0220710727753,149.02141705122872,149.0220710727753,149.0207645105141,0.00017304640903148538,0.0006540215465804522,160,2,0.49999999999999994,0.8660254037844387,False,False,False,True,True
149.02224978678686,149.0220710727753,149.02189802636627,149.02173107012322,149.0215706141168,149.02141705122872,149.0219845495708,149.02190107144926,149.02182084344605,149.02216042978108,149.02207296197614,149.0219041140337,149.0215220407704,,0.0001263698902963713,0.0001758878200158492,0.00026859277843710195,0.0004630585527499472,149.02224978678686,149.0220710727753,149.02224978678686,149.02189802636627,149.02224978678686,149.0215706141168,149.02224978678686,149.02087869190046,0.00017871401155389322,0.0006791726700612344,165,2,0.49999999999999994,0.8660254037844387,False,False,False,True,True
149.02243373763764,149.02224978678686,149.0220710727753,149.02189802636627,149.02173107012322,149.0215706141168,149.02216042978108,149.02207390657657,149.02199042845504,149.02234176221225,149.02225153239996,149.02207673873787,149.02167754534415,,0.00013007289488264415,0.00018133873285555163,0.00027787175429625426,0.00048365342207973614,149.02243373763764,149.02224978678686,149.02243373763764,149.0220710727753,149.02243373763764,149.02173107012322,149.02243373763764,149.0210012828528,0.00018395085078282136,0.0007026675144174988,170,2,0.49999999999999994,0.8660254037844387,False,False,False,True,True
149.02262249025245,149.02243373763764,149.02224978678686,149.0220710727753,149.02189802636627,149.02173107012322,149.02234176221225,149.02225240520647,149.02216588200196,149.02252811394504,149.02243533822562,149.02225502276372,149.02183966608408,,0.00013346825484034704,0.00018635688828513256,0.0002864798433161947,0.0005031063807857102,149.02262249025245,149.02243373763764,149.02262249025245,149.02224978678686,149.02262249025245,149.02189802636627,149.02262249025245,149.0211320594902,0.00018875261480388872,0.0007244638861720887,175,2,0.49999999999999994,0.8660254037844387,False,False,False,True,True
149.02281560873232,149.02262249025245,149.02243373763764,149.02224978678686,149.0220710727753,149.02189802636627,149.02252811394504,149.02243613851965,149.02234678151387,149.02271904949237,149.0226239455408,149.02243853923693,149.0220080210083,,0.00013655538768287732,0.00019093970707701423,0.0002944068287406656,0.0005213622572240044,149.02281560873232,149.02262249025245,149.02281560873232,149.02243373763764,149.02281560873232,149.0220710727753,149.02281560873232,149.02127075206343,0.00019311847987069086,0.0007445359570112942,180,3,0.7071067811865476,0.7071067811865476,False,False,False,True,True
149.02301265945482,149.02281560873232,149.02262249025245,149.02243373763764,149.02224978678686,149.0220710727753,149.02271904949237,149.02262467318496,149.02253269775957,149.02291413409358,149.02281691947985,149.02262685657283,149.02218221174743,,0.00013933590313504728,0.0001950879039981408,0.0003016483268851725,0.0005383798952462058,149.02301265945482,149.02281560873232,149.02301265945482,149.02262249025245,149.02301265945482,149.02224978678686,149.02301265945482,149.02141705122872,0.00019705072250530975,0.0007628726679627107,185,3,0.7071067811865476,0.7071067811865476,False,False,False,True,True
149.023213213802,149.02301265945482,149.02281560873232,149.02262249025245,149.02243373763764,149.02224978678686,149.02291413409358,149.02281757485363,149.02272319854623,149.02311293662842,149.02301382732972,149.02281954197582,149.02236182800476,,0.0001418133399190861,0.00019880510794642717,0.0003082051696982478,0.0005541310337030398,149.023213213802,149.02301265945482,149.023213213802,149.02281560873232,149.023213213802,149.02243373763764,149.023213213802,149.0215706141168,0.00020055434717392018,0.0007794761643538095,190,3,0.7071067811865476,0.7071067811865476,False,False,False,True,True
149.02341685053443,149.023213213802,149.02301265945482,149.02281560873232,149.02262249025245,149.02243373763764,149.02311293662842,149.02301441126716,149.0229178520272,149.02331503216823,149.02321424126376,149.0230161645552,149.02254645164652,,0.00014399291546470002,0.00020209749904380136,0.0003140828074655967,0.0005685991610244156,149.02341685053443,149.023213213802,149.02341685053443,149.02301265945482,149.02341685053443,149.02262249025245,149.02341685053443,149.02173107012322,0.00020363673243650737,0.0007943602819864282,195,3,0.7071067811865476,0.7071067811865476,False,False,False,True,True
149.02362315783333,149.02341685053443,149.023213213802,149.02301265945482,149.02281560873232,149.02262249025245,149.02331503216823,149.02321475499463,149.0231162296334,149.02352000418387,149.02341774072326,149.0232162980714,149.02273566041754,,0.00014588129114405255,0.000204973465844268,0.00031929073796712503,0.0005817783700909347,149.02362315783333,149.02341685053443,149.02362315783333,149.023213213802,149.02362315783333,149.02281560873232,149.02362315783333,149.02189802636627,0.00020630729889603572,0.000807549101011773,200,3,0.7071067811865476,0.7071067811865476,False,False,False,True,True
149.0238317350325,149.02362315783333,149.02341685053443,149.023213213802,149.02301265945482,149.02281560873232,149.02352000418387,149.02341818581766,149.02331790864406,149.02372744643293,149.02362391446675,149.0234195233314,149.02292903128415,,0.0001474863530516838,0.00020744328436480292,0.0003238419663168245,0.0005936722332058423,149.0238317350325,149.02362315783333,149.0238317350325,149.02341685053443,149.0238317350325,149.02301265945482,149.0238317350325,149.0220710727753,0.00020857719917444228,0.0008190755776809056,205,3,0.7071067811865476,0.7071067811865476,False,False,False,True,True
149.02404219406384,149.0238317350325,149.02362315783333,149.02341685053443,149.023213213802,149.02301265945482,149.02372744643293,149.02362429278347,149.02352247441723,149.02393696454817,149.0238323623099,149.02362543025325,149.023126143413,,0.00014881700935455886,0.00020951881991266064,0.0003277524986063576,0.0006042927125604502,149.02404219406384,149.0238317350325,149.02404219406384,149.02362315783333,149.02404219406384,149.023213213802,149.02404219406384,149.02224978678686,0.00021045903133654065,0.000828980261843526,210,3,0.7071067811865476,0.7071067811865476,False,False,False,True,True
149.02425416063934,149.02404219406384,149.0238317350325,149.02362315783333,149.02341685053443,149.023213213802,149.02393696454817,149.0238326759486,149.02372952229913,149.0241481773516,149.02404269657856,149.0238336196207,149.02332658079825,,0.00014988300404163217,0.00021121325216367408,0.00033104087118151934,0.0006136591177100914,149.02425416063934,149.02404219406384,149.02425416063934,149.0238317350325,149.02425416063934,149.02341685053443,149.02425416063934,149.02243373763764,0.0002119665755060396,0.0008373101049130582,215,3,0.7071067811865476,0.7071067811865476,False,False,False,True,True
149.02446727519344,149.02425416063934,149.02404219406384,149.0238317350325,149.02362315783333,149.02341685053443,149.0241481773516,149.02404294783594,149.02393865923634,149.0243607179164,149.02425454329887,149.0240437045525,149.02352993455384,,0.00015069474744398034,0.00021254082354145803,0.00033372771626179605,0.0006217971185225446,149.02446727519344,149.02425416063934,149.02446727519344,149.02404219406384,149.02446727519344,149.02362315783333,149.02446727519344,149.02262249025245,0.00021311455410000235,0.0008441173601170249,220,3,0.7071067811865476,0.7071067811865476,False,False,False,True,True
149.02468119360742,149.02446727519344,149.02425416063934,149.02404219406384,149.0238317350325,149.02362315783333,149.0243607179164,149.02425473462864,149.02414950511297,149.02457423440043,149.02446754314676,149.0242553117073,149.02373580488933,,0.00015126316215954643,0.00021351661050102283,0.00033583536396108657,0.0006287378191798348,149.02468119360742,149.02446727519344,149.02468119360742,149.02425416063934,149.02468119360742,149.0238317350325,149.02468119360742,149.02281560873232,0.00021391841397644384,0.0008494585749190264,225,3,0.7071067811865476,0.7071067811865476,False,False,False,True,True
149.02489558773885,149.02468119360742,149.02446727519344,149.02425416063934,149.02404219406384,149.0238317350325,149.02457423440043,149.02446767712337,149.02436169383563,149.02478839067314,149.0246813521799,149.02446808224857,149.02394380279,,0.0001515995451164393,0.0002141563170679826,0.0003373874804031519,0.0006345168968312012,149.02489558773885,149.02468119360742,149.02489558773885,149.02446727519344,149.02489558773885,149.02404219406384,149.02489558773885,149.02301265945482,0.00021439413143298225,0.000853393675015468,230,3,0.7071067811865476,0.7071067811865476,False,False,False,True,True
149.02511014577553,149.02489558773885,149.02468119360742,149.02446727519344,149.02425416063934,149.02404219406384,149.02478839067314,149.02468143146615,149.0245748741891,149.02500286675718,149.02489564237393,149.0246816725909,149.02415355142207,,0.00015171544353297087,0.00021447608957284405,0.000338408740572317,0.0006391738064745032,149.02511014577553,149.02489558773885,149.02511014577553,149.02468119360742,149.02511014577553,149.02425416063934,149.02511014577553,149.023213213802,0.00021455803667436157,0.00085598513618379,235,3,0.7071067811865476,0.7071067811865476,False,False,False,True,True
149.02532457243535,149.02511014577553,149.02489558773885,149.02468119360742,149.02446727519344,149.02425416063934,149.02500286675718,149.0248956696915,149.02478871048447,149.02521735910545,149.02511010198324,149.0248957549501,149.0243646872854,,0.00015162254595082374,0.00021449235185927375,0.00033892453490567395,0.0006427510525423707,149.02532457243535,149.02511014577553,149.02532457243535,149.02489558773885,149.02532457243535,149.02446727519344,149.02532457243535,149.02341685053443,0.00021442665982362996,0.0008572972419074176,240,4,0.8660254037844386,0.5000000000000001,False,False,False,True,True
149.02553858902857,149.02532457243535,149.02511014577553,149.02489558773885,149.02468119360742,149.02446727519344,149.02521735910545,149.0251100800871,149.0250028830214,149.02543158073195,149.02532443574648,149.02511001771717,149.0245768611348,,0.00015133258495460714,0.00021422165944289908,0.0003389607076528079,0.0006452935259926895,149.02553858902857,149.02532457243535,149.02553858902857,149.02511014577553,149.02553858902857,149.02468119360742,149.02553858902857,149.02362315783333,0.0002140165932189575,0.0008573954211499313,245,4,0.8660254037844386,0.5000000000000001,False,False,False,True,True
149.02575193340158,149.02553858902857,149.02532457243535,149.02511014577553,149.02489558773885,149.02468119360742,149.02543158073195,149.02532436740205,149.02521708838373,149.02564526121506,149.02553836495517,149.02532416567598,149.02478973869162,,0.0001508572533666774,0.00021368057140124395,0.00033854332545500253,0.0006468479054353651,149.02575193340158,149.02553858902857,149.02575193340158,149.02532457243535,149.02575193340158,149.02489558773885,149.02575193340158,149.0238317350325,0.00021334437300879472,0.0008563456627257438,250,4,0.8660254037844386,0.5000000000000001,False,False,False,True,True
149.02596435977708,149.02575193340158,149.02553858902857,149.02532457243535,149.02511014577553,149.02489558773885,149.02564526121506,149.02553825291847,149.02543103958857,149.02585814658931,149.0257516274024,149.02553792008362,149.0250030011661,,0.00015020813098285887,0.00021288553932770853,0.0003376984741784633,0.0006474621197024733,149.02596435977708,149.02575193340158,149.02596435977708,149.02553858902857,149.02596435977708,149.02511014577553,149.02596435977708,149.02404219406384,0.00021242637549789833,0.0008542140015492805,255,4,0.8660254037844386,0.5000000000000001,False,False,False,True,True
149.02617563850546,149.02596435977708,149.02575193340158,149.02553858902857,149.02532457243535,149.02511014577553,149.02585814658931,149.02575147440282,149.0256444661062,149.02606999914127,149.02596397722803,149.02575101862962,149.02521634561026,,0.00014939662179888733,0.0002118528110844072,0.0003364520817696708,0.0006471848689352782,149.02617563850546,149.02596435977708,149.02617563850546,149.02575193340158,149.02617563850546,149.02532457243535,149.02617563850546,149.02425416063934,0.00021127872838633266,0.0008510660701119832,260,4,0.8660254037844386,0.5000000000000001,False,False,False,True,True
149.02638555574137,149.02617563850546,149.02596435977708,149.02575193340158,149.02553858902857,149.02532457243535,149.02606999914127,149.02596378595354,149.02585711376702,149.02628059712342,149.02617518467463,149.0259632152908,149.02542948512047,,0.00014843390107423005,0.00021059834896348226,0.00033482976565894177,0.0006460652009821591,149.02638555574137,149.02617563850546,149.02638555574137,149.02596435977708,149.02638555574137,149.02553858902857,149.02638555574137,149.02446727519344,0.00020991723590668698,0.0008469667127997127,265,4,0.8660254037844386,0.5000000000000001,False,False,False,True,True
149.02659391305698,149.02638555574137,149.02617563850546,149.02596435977708,149.02575193340158,149.02553858902857,149.02628059712342,149.02617495775922,149.0260687445715,149.02648973439918,149.02638503576793,149.02617428009648,149.02564214890683,,0.00014733087069649235,0.0002091377606028979,0.00033285670214398935,0.0006441521395946986,149.02659391305698,149.02638555574137,149.02659391305698,149.02617563850546,149.02659391305698,149.02575193340158,149.02659391305698,149.02468119360742,0.0002083573156141938,0.0008419796554051118,270,4,0.8660254037844386,0.5000000000000001,False,False,False,True,True
149.0268005270038,149.02659391305698,149.02638555574137,149.02617563850546,149.02596435977708,149.02575193340158,149.02648973439918,149.02638477578122,149.02627913641703,149.02669722003037,149.02659333193404,149.02638399881693,149.02585408224644,,0.00014609812263468745,0.00020748624157269745,0.0003305575163241883,0.0006414943607559416,149.0268005270038,149.02659391305698,149.0268005270038,149.02638555574137,149.0268005270038,149.02596435977708,149.0268005270038,149.02489558773885,0.00020661394680132616,0.0008361672267085396,275,4,0.8660254037844386,0.5000000000000001,False,False,False,True,True
149.02700522863233,149.0268005270038,149.02659391305698,149.02638555574137,149.02617563850546,149.02596435977708,149.02669722003037,149.02659304137256,149.0264880827546,149.02690287781806,149.02679988956436,149.02659217258798,149.0260650463358,,0.0001447459093162126,0.0002056585285602464,0.00032795619046964615,0.0006381399136399181,149.02700522863233,149.0268005270038,149.02700522863233,149.02659391305698,149.02700522863233,149.02617563850546,149.02700522863233,149.02511014577553,0.00020470162854735463,0.0008295901268695616,280,4,0.8660254037844386,0.5000000000000001,False,False,False,True,True
149.02720786297914,149.02700522863233,149.0268005270038,149.02659391305698,149.02638555574137,149.02617563850546,149.02690287781806,149.02679957084467,149.02669539218687,149.02710654580574,149.0270045395384,149.0267986174827,149.02627481805615,,0.0001432841202939181,0.00020366886193563108,0.0003250759890233627,0.0006341359824283558,149.02720786297914,149.02700522863233,149.02720786297914,149.0268005270038,149.02720786297914,149.02638555574137,149.02720786297914,149.02532457243535,0.00020263434680600767,0.0008223072377688823,285,4,0.8660254037844386,0.5000000000000001,False,False,False,True,True
149.0274082885287,149.02720786297914,149.02700522863233,149.0268005270038,149.02659391305698,149.02638555574137,149.02710654580574,149.02700419499146,149.02690088801808,149.02730807575392,149.0272071267134,149.0270031640402,149.0264831896655,,0.0001417222647008494,0.00020153095679868575,0.00032193939874164965,0.0006295286856192376,149.0274082885287,149.02720786297914,149.0274082885287,149.02700522863233,149.0274082885287,149.02659391305698,149.0274082885287,149.02553858902857,0.00020042554956489766,0.0008143754717195861,290,4,0.8660254037844386,0.5000000000000001,False,False,False,True,True
149.02760637665762,149.0274082885287,149.02720786297914,149.02700522863233,149.0268005270038,149.02659391305698,149.02730807575392,149.02720675858052,149.02710440776625,149.02750733259316,149.0274075093885,149.02720565676032,149.02668996842843,,0.000140069458619298,0.0001992579815805874,0.00031856808215888004,0.0006243629092481147,149.02760637665762,149.0274082885287,149.02760637665762,149.02720786297914,149.02760637665762,149.0268005270038,149.02760637665762,149.02575193340158,0.00019808812891142225,0.0008058496538296822,295,4,0.8660254037844386,0.5000000000000001,False,False,False,True,True
149.02780201106714,149.02760637665762,149.0274082885287,149.02720786297914,149.02700522863233,149.0268005270038,149.02750733259316,149.02740711981838,149.02730580264497,149.02770419386238,149.02760555875116,149.02740595357298,149.02689497619497,,0.00013833441691138868,0.00019686254333699097,0.000314982843066688,0.000618682170880999,149.02780201106714,149.02760637665762,149.02780201106714,149.0274082885287,149.02780201106714,149.02700522863233,149.02780201106714,149.02596435977708,0.00019563440952197197,0.0007967824348042996,300,5,0.9659258262890683,0.25881904510252074,False,False,False,True,True
149.02799508720952,149.02780201106714,149.02760637665762,149.0274082885287,149.02720786297914,149.02700522863233,149.02770419386238,149.02760514979792,149.02750493702314,149.02789854913834,149.02780115831143,149.02760392528842,149.0270980489382,,0.00013652544878764975,0.00019435667877740296,0.00031120360248143987,0.0006125285112135763,149.02799508720952,149.02780201106714,149.02799508720952,149.02760637665762,149.02799508720952,149.02720786297914,149.02799508720952,149.02617563850546,0.00019307614238073256,0.0007872242303790244,305,5,0.9659258262890683,0.25881904510252074,False,False,False,True,True
149.02818551171293,149.02799508720952,149.02780201106714,149.02760637665762,149.0274082885287,149.02720786297914,149.02789854913834,149.02780073193355,149.02770168786913,149.0280902994612,149.02799420332988,149.02779945503517,149.02729903625897,,0.0001346504568427674,0.0001917518504185315,0.00030724938397350284,0.0006059424103673444,149.02818551171293,149.02799508720952,149.02818551171293,149.02780201106714,149.02818551171293,149.0274082885287,149.02818551171293,149.02638555574137,0.00019042450341544281,0.0007772231842295696,310,5,0.9659258262890683,0.25881904510252074,False,False,False,True,True
149.02837320180905,149.02818551171293,149.02799508720952,149.02780201106714,149.02760637665762,149.0274082885287,149.0280902994612,149.02799376139004,149.02789594418527,149.028279356761,149.0281846002438,149.02799243769124,149.02749780086572,,0.0001327169388435863,0.00018905894721622386,0.0003031383070695854,0.0005989627261499881,149.02837320180905,149.02818551171293,149.02837320180905,149.02799508720952,149.02837320180905,149.02760637665762,149.02837320180905,149.02659391305698,0.0001876900961121919,0.0007668251514303392,315,5,0.9659258262890683,0.25881904510252074,False,False,False,True,True
149.02855808476662,149.02837320180905,149.02818551171293,149.02799508720952,149.02780201106714,149.02760637665762,149.028279356761,149.02818414450928,149.02808760643808,149.02846564328783,149.0283722660962,149.02818277931306,149.0276942180367,,0.00013073199208024462,0.00018628828886572797,0.0002988875876102076,0.00059162665168608,149.02855808476662,149.02837320180905,149.02855808476662,149.02818551171293,149.02855808476662,149.02780201106714,149.02855808476662,149.0268005270038,0.00018488295756924344,0.0007560736994776107,320,5,0.9659258262890683,0.25881904510252074,False,False,False,True,True
149.02874009733435,149.02855808476662,149.02837320180905,149.02818551171293,149.02799508720952,149.02780201106714,149.02846564328783,149.0283717982398,149.02827658598807,149.02864909105048,149.02855712797,149.0283703965665,149.02788817506976,,0.00012870231986726876,0.00018344963342137972,0.0002945135442396657,0.0005839696901309787,149.02874009733435,149.02855808476662,149.02874009733435,149.02837320180905,149.02874009733435,149.02799508720952,149.02874009733435,149.02700522863233,0.00018201256773409114,0.0007450101248309693,325,5,0.9659258262890683,0.25881904510252074,False,False,False,True,True
149.02891918519524,149.02874009733435,149.02855808476662,149.02837320180905,149.02818551171293,149.02799508720952,149.02864909105048,149.0285566495717,149.02846280452366,149.0288296412648,149.02873912243209,149.02855521616362,149.02807957072605,,0.00012663423972387205,0.00018055218766102257,0.0002900316099751815,0.0005760256442813601,149.02891918519524,149.02874009733435,149.02891918519524,149.02855808476662,149.02891918519524,149.02818551171293,149.02891918519524,149.02720786297914,0.00017908786088582929,0.0007336734823013558,330,5,0.9659258262890683,0.25881904510252074,False,False,False,True,True
149.02909530243457,149.02891918519524,149.02874009733435,149.02855808476662,149.02837320180905,149.02818551171293,149.0288296412648,149.02873863498093,149.02864619350214,149.0290072438149,149.02891819498805,149.028737174308,149.02826831467158,,0.0001245336929802898,0.00017760461965809238,0.000285456348196168,0.000567826619040945,149.02909530243457,149.02891918519524,149.02909530243457,149.02874009733435,149.02909530243457,149.02837320180905,149.02909530243457,149.0274082885287,0.0001761172393344168,0.0007221006255235807,335,5,0.9659258262890683,0.25881904510252074,False,False,False,True,True
149.02926841102308,149.02909530243457,149.02891918519524,149.02874009733435,149.02855808476662,149.02837320180905,149.0290072438149,149.02891769988446,149.0288266936006,149.02918185672883,149.02909429955096,149.02891621615078,149.028454326921,,0.0001224062554793788,0.000174615073128211,0.0002808014721484868,0.0005594030349887546,149.02926841102308,149.02909530243457,149.02926841102308,149.02891918519524,149.02926841102308,149.02855808476662,149.02926841102308,149.02760637665762,0.0001731085885126049,0.0007103262564669421,340,5,0.9659258262890683,0.25881904510252074,False,False,False,True,True
149.02943848031677,149.02926841102308,149.02909530243457,149.02891918519524,149.02874009733435,149.02855808476662,149.02918185672883,149.02909379810916,149.02900425417872,149.02935344566993,149.02926739792483,149.0290922952608,149.0286375372869,,0.00012025714939376092,0.00017159118330323865,0.00027607986746007435,0.0005507836513440327,149.02943848031677,149.02926841102308,149.02943848031677,149.02909530243457,149.02943848031677,149.02874009733435,149.02943848031677,149.02780201106714,0.00017006929368790225,0.0006983829824207533,345,5,0.9659258262890683,0.25881904510252074,False,False,False,True,True
149.02960548657433,149.02943848031677,149.02926841102308,149.02909530243457,149.02891918519524,149.02874009733435,149.02935344566993,149.02926689137567,149.029178832756,149.02952198344553,149.02943745930472,149.02926537310879,149.02881788483765,,0.00011809125565593082,0.00016854009416868292,0.0002713036170191873,0.0005419955969194495,149.02960548657433,149.02943848031677,149.02960548657433,149.02926841102308,149.02960548657433,149.02891918519524,149.02960548657433,149.02799508720952,0.00016700625755561305,0.000686301379090537,350,5,0.9659258262890683,0.25881904510252074,False,False,False,True,True
149.02976941249284,149.02960548657433,149.02943848031677,149.02926841102308,149.02909530243457,149.02891918519524,149.02952198344553,149.02943694879872,149.02935039450443,149.02968744953358,149.02960445979465,149.0294354185683,149.02899531736597,,0.00011591312687012936,0.0001654684763211072,0.00026648402770857566,0.0005330644076448481,149.02976941249284,149.02960548657433,149.02976941249284,149.02943848031677,149.02976941249284,149.02909530243457,149.02976941249284,149.02818551171293,0.0001639259185139963,0.0006741100582701165,355,5,0.9659258262890683,0.25881904510252074,False,False,False,True,True
149.02993024676243,149.02976941249284,149.02960548657433,149.02943848031677,149.02926841102308,149.02909530243457,149.02968744953358,149.0296039464048,149.02951891175798,149.02984982962764,149.0297683819432,149.02960240743388,149.02916979087092,,0.00011372700075768264,0.0001623825455856664,0.00026163165864893267,0.0005240140695278417,149.02993024676243,149.02976941249284,149.02993024676243,149.02960548657433,149.02993024676243,149.02926841102308,149.02993024676243,149.02837320180905,0.0001608342695931242,0.0006618357393506358,360,6,1.0,6.123233995736766e-17,False,False,True,False,True
149.0300879836399,149.02993024676243,149.02976941249284,149.02960548657433,149.02943848031677,149.02926841102308,149.02984982962764,149.02976786666838,149.02968436353962,149.03000911520115,149.0299292142984,149.02976632195725,149.02934126905402,,0.00011153681359273883,0.00015928808195156085,0.00025675635035541885,0.0005148670659319948,149.0300879836399,149.02993024676243,149.0300879836399,149.02976941249284,149.0300879836399,149.02943848031677,149.0300879836399,149.02855808476662,0.00015773687746900578,0.0006495033231317393,365,6,1.0,6.123233995736766e-17,False,False,True,False,True
149.03024262254164,149.0300879836399,149.02993024676243,149.02976941249284,149.02960548657433,149.02943848031677,149.03000911520115,149.02992869806639,149.02984673510713,149.03016530309077,149.0300869509813,149.02992715040222,149.0295097228315,,0.00010934621376812933,0.00015619044869563849,0.00025186725456325233,0.000505644428233159,149.03024262254164,149.0300879836399,149.03024262254164,149.02993024676243,149.03024262254164,149.02960548657433,149.03024262254164,149.02874009733435,0.00015463890173350592,0.0006371359673096322,370,6,1.0,6.123233995736766e-17,False,False,True,False,True
149.03039416765594,149.03024262254164,149.0300879836399,149.02993024676243,149.02976941249284,149.02960548657433,149.03016530309077,149.03008643465205,149.03000601751722,149.0303183950988,149.03024159127915,149.03008488661857,149.02967512986365,,0.0001071585754898305,0.00015309461177766265,0.000246972864445694,0.000496365789052434,149.03039416765594,149.03024262254164,149.03039416765594,149.0300879836399,149.03039416765594,149.02976941249284,149.03039416765594,149.02891918519524,0.00015154511430637285,0.0006247551631020087,375,6,1.0,6.123233995736766e-17,False,False,True,False,True
149.03054262757416,149.03039416765594,149.03024262254164,149.0300879836399,149.02993024676243,149.02976941249284,149.0303183950988,149.03024107564792,149.03016220720917,149.03046839761504,149.03039313925726,149.0302395296348,149.02983747410156,,0.00010497701221308747,0.00015000515887793892,0.00024208104488013845,0.00048704943726212395,149.03054262757416,149.03039416765594,149.03054262757416,149.03024262254164,149.03054262757416,149.02993024676243,149.03054262757416,149.02909530243457,0.00014845991822198812,0.0006123808117308727,380,6,1.0,6.123233995736766e-17,False,False,True,False,True
149.03068801494084,149.03054262757416,149.03039416765594,149.03024262254164,149.0300879836399,149.02993024676243,149.03046839761504,149.0303926250579,149.03031530560702,149.0306153212575,149.0305416033903,149.03039108327047,149.0299967453522,,0.00010280439000769686,0.0001469263183386205,0.00023719906265474777,0.00047771237420081187,149.03068801494084,149.03054262757416,149.03068801494084,149.03039416765594,149.03068801494084,149.0300879836399,149.03068801494084,149.02926841102308,0.00014538736667191188,0.0006000313009337788,385,6,1.0,6.123233995736766e-17,False,False,True,False,True
149.0308303461223,149.03068801494084,149.03054262757416,149.03039416765594,149.03024262254164,149.0300879836399,149.0306153212575,149.0305410912984,149.03046531874122,149.03075918053156,149.03068699621244,149.03053955576698,149.0301529388621,,0.00010064334057035831,0.0001438619778749776,0.0002323336163425311,0.0004683703705016284,149.0308303461223,149.03068801494084,149.0308303461223,149.03054262757416,149.0308303461223,149.03024262254164,149.0308303461223,149.02943848031677,0.00014233118145057233,0.0005877235806508452,390,6,1.0,6.123233995736766e-17,False,False,True,False,True
149.03096964089303,149.0308303461223,149.03068801494084,149.03054262757416,149.03039416765594,149.03024262254164,149.03075918053156,149.03068648684823,149.03061225688913,149.03089999350766,149.0308293339854,149.03068495943725,149.03030605491975,,9.849627382474912e-05,0.00014081570274879833,0.00022749086565673673,0.0004590380229784259,149.03096964089303,149.0308303461223,149.03096964089303,149.03068801494084,149.03096964089303,149.03039416765594,149.03096964089303,149.02960548657433,0.00013929477074725582,0.0005754732370917282,395,6,1.0,6.123233995736766e-17,False,False,True,False,True
149.0311059221401,149.03096964089303,149.0308303461223,149.03068801494084,149.03054262757416,149.03039416765594,149.03089999350766,149.03082882791693,149.0307561342336,149.03103778151657,149.03096863638515,149.0308273103341,149.03045609847632,,9.636539065348102e-05,0.00013779075354493014,0.00022267646024557195,0.0004497288113313063,149.0311059221401,149.03096964089303,149.0311059221401,149.0308303461223,149.0311059221401,149.03054262757416,149.0311059221401,149.02976941249284,0.0001362812470802055,0.0005632945659499455,400,6,1.0,6.123233995736766e-17,False,False,True,False,True
149.0312392155838,149.0311059221401,149.03096964089303,149.0308303461223,149.03068801494084,149.03054262757416,149.03103778151657,149.0309681341312,149.03089696854047,149.03117256886196,149.03110492620564,149.030966627936,149.03060307878542,,9.42526944642371e-05,0.00013479010337960165,0.00021789556769466944,0.000440455154115931,149.0312392155838,149.0311059221401,149.0312392155838,149.03096964089303,149.0312392155838,149.03068801494084,149.0312392155838,149.02993024676243,0.00013329344369594764,0.0005512006429739813,405,6,1.0,6.123233995736766e-17,False,False,True,False,True
149.0313695495155,149.0312392155838,149.0311059221401,149.03096964089303,149.0308303461223,149.03068801494084,149.03117256886196,149.03110442823842,149.03103478085305,149.03130438254965,149.0312382290798,149.03110293485096,149.03074700906072,,9.216000328827597e-05,0.0001318164546789469,0.00021315290080547265,0.00043122846386480033,149.0313695495155,149.0312392155838,149.0313695495155,149.0311059221401,149.0313695495155,149.0308303461223,149.0313695495155,149.0300879836399,0.00013033393167916074,0.0005392033932025697,410,6,1.0,6.123233995736766e-17,False,False,True,False,True
149.03149695455068,149.0313695495155,149.0312392155838,149.0311059221401,149.03096964089303,149.0308303461223,149.03130438254965,149.0312377358278,149.03116959520426,149.03143325203308,149.03136857321667,149.0312362565366,149.0308879061518,,9.008896055252182e-05,0.0001288722552982945,0.00020845274398174525,0.0004220592009894593,149.03149695455068,149.0313695495155,149.03149695455068,149.0312392155838,149.03149695455068,149.03096964089303,149.03149695455068,149.03024262254164,0.00012740503518671176,0.0005273136576420256,415,6,1.0,6.123233995736766e-17,False,False,True,False,True
149.0316214633975,149.03149695455068,149.0313695495155,149.0312392155838,149.0311059221401,149.03096964089303,149.03143325203308,149.03136808506724,149.0313014383454,149.0315592089741,149.03149598915456,149.0313666210375,149.03102579023738,,8.80410459621891e-05,0.00012595971388110796,0.00020379897858436202,0.00041295692630094423,149.0316214633975,149.03149695455068,149.0316214633975,149.0313695495155,149.0316214633975,149.0311059221401,149.0316214633975,149.03039416765594,0.00012450884682380092,0.0005155412573856211,420,7,0.9659258262890683,-0.25881904510252063,False,False,True,False,True
149.03174311063987,149.0316214633975,149.03149695455068,149.0313695495155,149.0312392155838,149.0311059221401,149.0315592089741,149.0314955064565,149.03143033949067,149.03168228701867,149.03162050952935,149.03149405873748,149.03116068453576,,8.60175859118324e-05,0.00012308081484691948,0.0001991951075162532,0.0004039303520556502,149.03174311063987,149.0316214633975,149.03174311063987,149.03149695455068,149.03174311063987,149.0312392155838,149.03174311063987,149.03054262757416,0.00012164724236640723,0.0005038950560560806,425,7,0.9659258262890683,-0.25881904510252063,False,False,True,False,True
149.03186193253424,149.03174311063987,149.0316214633975,149.03149695455068,149.0313695495155,149.0312392155838,149.03168228701867,149.03162003259527,149.03155633007768,149.03180252158705,149.03174216885722,149.03161860212754,149.0312926150318,,8.401976306050696e-05,0.000120237332583411,0.0001946442785973936,0.0003949873912999075,149.03186193253424,149.03174311063987,149.03186193253424,149.0316214633975,149.03186193253424,149.0313695495155,149.03186193253424,149.03068801494084,0.00011882189437528723,0.0004923830187522071,430,7,0.9659258262890683,-0.25881904510252063,False,False,True,False,True
149.03197796681974,149.03186193253424,149.03174311063987,149.0316214633975,149.03149695455068,149.0313695495155,149.03180252158705,149.03174169796586,149.03167944354246,149.031919949677,149.03186100333127,149.03174028558843,149.03142161021967,,8.204862581857362e-05,0.00011743084493516115,0.00019014930710515267,0.00038613520543105223,149.03197796681974,149.03186193253424,149.03197796681974,149.03174311063987,149.03197796681974,149.03149695455068,149.03197796681974,149.0308303461223,0.00011603428549733508,0.00048101226906283046,435,7,0.9659258262890683,-0.25881904510252063,False,False,True,False,True
149.03209125254108,149.03197796681974,149.03186193253424,149.03174311063987,149.0316214633975,149.03149695455068,149.031919949677,149.0318605387298,149.0317997151086,149.0320346096804,149.0319770506317,149.0318591451865,149.03154770086158,,8.010509736034107e-05,0.0001146627462664575,0.0001857126972282175,0.0003773802500231349,149.03209125254108,149.03197796681974,149.03209125254108,149.03186193253424,149.03209125254108,149.0316214633975,149.03209125254108,149.03096964089303,0.00011328572134061687,0.0004697891435796464,440,7,0.9659258262890683,-0.25881904510252063,False,False,True,False,True
149.03220182988318,149.03209125254108,149.03197796681974,149.03186193253424,149.03174311063987,149.0316214633975,149.0320346096804,149.03197659253766,149.03191718159047,149.03214654121211,149.032090349748,149.03197521848364,149.03167091976056,,7.818998393446699e-05,0.00011193425968669424,0.00018133666249516497,0.0003687283186907387,149.03220182988318,149.03209125254108,149.03220182988318,149.03197796681974,149.03220182988318,149.03174311063987,149.03220182988318,149.0311059221401,0.00011057734209884984,0.000458719243312089,445,7,0.9659258262890683,-0.25881904510252063,False,False,True,False,True
149.03230974001755,149.03220182988318,149.03209125254108,149.03197796681974,149.03186193253424,149.03174311063987,149.03214654121211,149.03208989835144,149.0320318812087,149.03225578495037,149.03220094081394,149.03208854435917,149.0317913015483,,7.63039832052676e-05,0.00010924644880723392,0.00017702314528838622,0.0003601845851668448,149.03230974001755,149.03220182988318,149.03230974001755,149.03209125254108,149.03230974001755,149.03186193253424,149.03230974001755,149.0312392155838,0.00010791013437483343,0.0004478074833116352,450,7,0.9659258262890683,-0.25881904510252063,False,False,True,False,True
149.03241502495888,149.03230974001755,149.03220182988318,149.03209125254108,149.03197796681974,149.03186193253424,149.03225578495037,149.0322004962793,149.03214385341863,149.0323623824882,149.0323088649532,149.03219916284408,149.03190888248582,,7.444769135661547e-05,0.00010660022871168795,0.00017277383529339983,0.000351753643371719,149.03241502495888,149.03230974001755,149.03241502495888,149.03220182988318,149.03241502495888,149.03197796681974,149.03241502495888,149.0313695495155,0.00010528494132699961,0.00043705813914129976,455,7,0.9659258262890683,-0.25881904510252063,False,False,True,False,True
149.03251772743243,149.03241502495888,149.03230974001755,149.03220182988318,149.03209125254108,149.03197796681974,149.0323623824882,149.03230842742101,149.03225313874998,149.03246637619566,149.0324141641363,149.0323071149666,149.0320237002775,,7.262161079745594e-05,0.00010399637646107301,0.0001685901870054049,0.00034343954569722137,149.03251772743243,149.03241502495888,149.03251772743243,149.03230974001755,149.03251772743243,149.03209125254108,149.03251772743243,149.03149695455068,0.00010270247355492756,0.00042647489135561045,460,7,0.9659258262890683,-0.25881904510252063,False,False,True,False,True
149.03261789075074,149.03251772743243,149.03241502495888,149.03230974001755,149.03220182988318,149.03209125254108,149.03246637619566,149.03241373372498,149.0323597786578,149.03256780909157,149.03251688104734,149.03241244260857,149.0321357938975,,7.082615679480915e-05,0.00010143554115049268,0.0001644734363704794,0.00033524583936475876,149.03261789075074,149.03251772743243,149.03261789075074,149.03241502495888,149.03261789075074,149.03220182988318,149.03261789075074,149.0316214633975,0.00010016331830797753,0.00041606086756473815,465,7,0.9659258262890683,-0.25881904510252063,False,False,True,False,True
149.0327155586993,149.03261789075074,149.03251772743243,149.03241502495888,149.03230974001755,149.03220182988318,149.03256780909157,149.0325164578548,149.03246381538415,149.032666724725,149.03261705896082,149.03251518837178,149.0322452034277,,6.906166383655321e-05,9.89182530346402e-05,0.00016042461638290361,0.00032717560092566765,149.0327155586993,149.03261789075074,149.0327155586993,149.03251772743243,149.0327155586993,149.03230974001755,149.0327155586993,149.03174311063987,9.766794855181615e-05,0.00040581868174172087,470,7,0.9659258262890683,-0.25881904510252063,False,False,True,False,True
149.03281077543102,149.0327155586993,149.03261789075074,149.03251772743243,149.03241502495888,149.03230974001755,149.032666724725,149.03261664306586,149.0325652918291,149.03276316706516,149.03271474162702,149.03261539545446,149.0323519699068,,6.732839171914555e-05,9.644493246993732e-05,0.00015644457197244244,0.00031923146902722174,149.03281077543102,149.0327155586993,149.03281077543102,149.03261789075074,149.03281077543102,149.03241502495888,149.03281077543102,149.03186193253424,9.521673172230294e-05,0.0003957504721370242,475,7,0.9659258262890683,-0.25881904510252063,False,False,True,False,True
149.03290358536856,149.03281077543102,149.0327155586993,149.03261789075074,149.03251772743243,149.03241502495888,149.03276316706516,149.0327143330909,149.03266425143173,149.0328571803998,149.03280997316628,149.0327131075364,149.03245613519024,,6.56265311856506e-05,9.401589821535634e-05,0.00015253397384878782,0.0003114156753715595,149.03290358536856,149.03281077543102,149.03290358536856,149.0327155586993,149.03290358536856,149.03251772743243,149.03290358536856,149.03197796681974,9.280993754146039e-05,0.000385857936123557,480,8,0.8660254037844387,-0.4999999999999998,False,False,True,False,True
149.03299403311445,149.03290358536856,149.03281077543102,149.0327155586993,149.03261789075074,149.03251772743243,149.0328571803998,149.03280957203393,149.03276073805966,149.0329488092415,149.03290279797133,149.0328083686728,149.03255774181974,,6.395620940120109e-05,9.163137522278424e-05,0.00014869333169472402,0.0003037300739946105,149.03299403311445,149.03290358536856,149.03299403311445,149.03281077543102,149.03299403311445,149.03261789075074,149.03299403311445,149.03209125254108,9.044774589028748e-05,0.00037614236370586696,485,8,0.8660254037844387,-0.4999999999999998,False,False,True,False,True
149.03308216336802,149.03299403311445,149.03290358536856,149.03281077543102,149.0327155586993,149.03261789075074,149.0329488092415,149.03290240427273,149.03285479590687,149.03303809824124,149.03299326061702,149.03290122319626,149.0326568329024,,6.23174948167531e-05,8.929150193129948e-05,0.00014492300652720947,0.0002961761689038593,149.03308216336802,149.03299403311445,149.03308216336802,149.03290358536856,149.03308216336802,149.0327155586993,149.03308216336802,149.03220182988318,8.813025357312654e-05,0.00036660466872717734,490,8,0.8660254037844387,-0.4999999999999998,False,False,True,False,True
149.03316802084902,149.03308216336802,149.03299403311445,149.03290358536856,149.03281077543102,149.0327155586993,149.03303809824124,149.0329928743683,149.03294646939952,149.03312509210852,149.03308140577715,149.03299171562622,149.03275345199899,,6.071040186203055e-05,8.69963370947769e-05,0.00014122322224682899,0.0002887551400806101,149.03316802084902,149.03308216336802,149.03316802084902,149.03299403311445,149.03316802084902,149.03281077543102,149.03316802084902,149.03230974001755,8.585748099676493e-05,0.00035724541800163934,495,8,0.8660254037844387,-0.4999999999999998,False,False,True,False,True
149.03325165022778,149.03316802084902,149.03308216336802,149.03299403311445,149.03290358536856,149.03281077543102,149.03312509210852,149.03308102698173,149.0330358031088,149.0332098355384,149.03316727814828,149.03307989058558,149.03284764302003,,5.9134895608071687e-05,8.474586633797344e-05,0.00013759407655954895,0.00028146786804032704,149.03325165022778,149.03316802084902,149.03325165022778,149.03308216336802,149.03325165022778,149.03290358536856,149.03325165022778,149.03241502495888,8.362937876427168e-05,0.00034806485922445063,500,8,0.8660254037844387,-0.4999999999999998,False,False,True,False,True
149.0333330960609,149.03325165022778,149.03316802084902,149.03308216336802,149.03299403311445,149.03290358536856,149.0332098355384,149.0331669067979,149.03312284167112,149.03329237314432,149.03325092237924,149.03316579272402,149.03293945013021,,5.7590895595742555e-05,8.254000816738339e-05,0.0001340355511348555,0.00027431495684648557,149.0333330960609,149.03325165022778,149.0333330960609,149.03316802084902,149.0333330960609,149.03299403311445,149.0333330960609,149.03251772743243,8.144583310354392e-05,0.00033906294643770707,505,8,0.8660254037844387,-0.4999999999999998,False,False,True,False,True
149.03341240273238,149.0333330960609,149.03325165022778,149.03316802084902,149.03308216336802,149.03299403311445,149.03329237314432,149.03325055845494,149.03320762971447,149.03337274939662,149.03333238300704,149.03324946664762,149.03302891766023,,5.607827981416607e-05,8.037861956754361e-05,0.0001305475212282275,0.00026729675577749775,149.03341240273238,149.0333330960609,149.03341240273238,149.03325165022778,149.03341240273238,149.03308216336802,149.03341240273238,149.03261789075074,7.930667149480541e-05,0.00033023936435938595,510,8,0.8660254037844387,-0.4999999999999998,False,False,True,False,True
149.0334896144002,149.03341240273238,149.0333330960609,149.03325165022778,149.03316802084902,149.03308216336802,149.03337274939662,149.03333202648008,149.0332902117907,149.0334510085663,149.03341170439782,149.03333095685406,149.03311609002517,,5.4596888409974287e-05,7.82615013157458e-05,0.00012712976460878562,0.00026041337965553854,149.0334896144002,149.03341240273238,149.0334896144002,149.0333330960609,149.0334896144002,149.03316802084902,149.0334896144002,149.0327155586993,7.721166781493594e-05,0.00032159355117755695,515,8,0.8660254037844387,-0.4999999999999998,False,False,True,False,True
149.03357861727352,149.0334896144002,149.03341240273238,149.0333330960609,149.03325165022778,149.03316802084902,149.0334510085663,149.03341135523056,149.033370632314,149.03353411583686,149.033493544802,149.03341307613897,149.0332023958826,,6.293453058587301e-05,8.317694182062975e-05,0.00012817718701391866,0.0002558982560476643,149.03357861727352,149.0334896144002,149.03357861727352,149.03341240273238,149.03357861727352,149.03325165022778,149.03357861727352,149.03281077543102,8.900287332380685e-05,0.0003269670457370921,520,8,0.8660254037844387,-0.4999999999999998,False,False,True,False,True
149.0368230794285,149.03357861727352,149.0334896144002,149.03341240273238,149.0333330960609,149.03325165022778,149.03353411583686,149.03349551000295,149.03345585666722,149.035200848351,149.03463043703408,149.03412736197907,149.03360362628234,,0.002294181190993169,0.001899405401485671,0.0015096986758844492,0.0011515921192545109,149.0368230794285,149.03357861727352,149.0368230794285,149.0334896144002,149.0368230794285,149.0333330960609,149.0368230794285,149.03290358536856,0.00324446215498142,0.0034899833676149683,525,8,0.8660254037844387,-0.4999999999999998,False,False,True,False,True
149.07660384292646,149.0368230794285,149.03357861727352,149.0334896144002,149.03341240273238,149.0333330960609,149.035200848351,149.03515634691433,149.03511774108046,149.05671346117748,149.04900184654284,149.04278151135222,149.03797365203815,,0.02812924763018853,0.023959012645274447,0.01896223766350719,0.013619809114274531,149.07660384292646,149.0368230794285,149.07660384292646,149.03357861727352,149.07660384292646,149.03341240273238,149.07660384292646,149.03299403311445,0.03978076349795856,0.04319144019407872,530,8,0.8660254037844387,-0.4999999999999998,False,False,True,False,True
149.24467617986306,149.07660384292646,149.0368230794285,149.03357861727352,149.0334896144002,149.03341240273238,149.05671346117748,149.0550912301,149.05504672866334,149.16064001139478,149.11936770073933,149.08503426677834,149.059141866713,,0.11884508917773343,0.11032809475072747,0.0910843923239645,0.06657468494704055,149.24467617986306,149.07660384292646,149.24467617986306,149.0368230794285,149.24467617986306,149.0334896144002,149.24467617986306,149.03308216336802,0.1680723369366035,0.2111865654628673,535,8,0.8660254037844387,-0.4999999999999998,False,False,True,False,True
149.65692609872056,149.24467617986306,149.07660384292646,149.0368230794285,149.03357861727352,149.0334896144002,149.16064001139478,149.14074962964577,149.1391273985683,149.4508011392918,149.32606870717004,149.2097215636424,149.12152626024823,,0.2915047131677086,0.2986001302217991,0.2645062723061527,0.1993429352238778,149.65692609872056,149.24467617986306,149.65692609872056,149.07660384292646,149.65692609872056,149.03357861727352,149.65692609872056,149.03316802084902,0.41224991885749773,0.6233474814470412,540,9,0.7071067811865476,-0.7071067811865475,False,False,True,False,True
150.38980321414812,149.65692609872056,149.24467617986306,149.07660384292646,149.0368230794285,149.03357861727352,149.4508011392918,149.3667649708235,149.34687458907453,150.02336465643435,149.76380183091058,149.48096648301734,149.25718977957814,,0.5182223780952114,0.5799963773686617,0.5642587184147723,0.4440109859710811,150.38980321414812,149.65692609872056,150.38980321414812,149.24467617986306,150.38980321414812,149.0368230794285,150.38980321414812,149.03325165022778,0.7328771154275557,1.3529801347196155,545,9,0.7071067811865476,-0.7071067811865475,False,False,True,False,True
151.4563079903895,150.38980321414812,149.65692609872056,149.24467617986306,149.07660384292646,149.0368230794285,150.02336465643435,149.8172396970056,149.73320352853727,150.9230556022688,150.5010124344194,149.96486346520953,149.49949541359433,,0.7541327594480489,0.9048311533214539,0.9756383636048761,0.8146685909382981,151.4563079903895,150.38980321414812,151.4563079903895,149.65692609872056,151.4563079903895,149.07660384292646,151.4563079903895,149.0333330960609,1.0665047762413735,2.3797041474630305,550,9,0.7071067811865476,-0.7071067811865475,False,False,True,False,True
152.81449153789896,151.4563079903895,150.38980321414812,149.65692609872056,149.24467617986306,149.07660384292646,150.9230556022688,150.55661704455503,150.3504920851263,152.1353997641442,151.55353424747886,150.71244100420404,149.87761125777814,,0.960380796539858,1.2152646113637895,1.4443419763153496,1.3044939546383043,152.81449153789896,151.4563079903895,152.81449153789896,150.38980321414812,152.81449153789896,149.24467617986306,152.81449153789896,149.03341240273238,1.3581835475094692,3.5698153580358962,555,9,0.7071067811865476,-0.7071067811865475,False,False,True,False,True
154.38337896589684,152.81449153789896,151.4563079903895,150.38980321414812,149.65692609872056,149.24467617986306,152.1353997641442,151.60214737602354,151.23570881830977,153.5989352518979,152.88472616472845,151.7401815614108,150.41260791409456,,1.1093709392555169,1.4647988943937953,1.8963579338150052,1.8868668035531553,154.38337896589684,152.81449153789896,154.38337896589684,151.4563079903895,154.38337896589684,149.65692609872056,154.38337896589684,149.0334896144002,1.568887427997879,4.7264528671762776,560,9,0.7071067811865476,-0.7071067811865475,False,False,True,False,True
156.05580161675996,154.38337896589684,152.81449153789896,151.4563079903895,150.38980321414812,149.65692609872056,153.5989352518979,152.91984347814315,152.38659109002248,155.21959029132842,154.41789070685192,153.01995666501867,151.11483911433055,,1.1825813974351902,1.620930612958855,2.2627524838569397,2.5178204486455686,156.05580161675996,154.38337896589684,156.05580161675996,152.81449153789896,156.05580161675996,150.38980321414812,156.05580161675996,149.03357861727352,1.6724226508631261,5.665998402611848,565,9,0.7071067811865476,-0.7071067811865475,False,False,True,False,True
157.7063895144921,156.05580161675996,154.38337896589684,152.81449153789896,151.4563079903895,150.38980321414812,155.21959029132842,154.43514657732948,153.75605480357473,156.88109556562603,156.0485233657163,154.48327392508747,151.98212020405242,,1.1671418954306918,1.661517230190431,2.490916190492164,3.13846928082126,157.7063895144921,156.05580161675996,157.7063895144921,154.38337896589684,157.7063895144921,151.4563079903895,157.7063895144921,149.0368230794285,1.650587897732123,6.2500815241025975,570,9,0.7071067811865476,-0.7071067811865475,False,False,True,False,True
159.19971445781482,157.7063895144921,156.05580161675996,154.38337896589684,152.81449153789896,151.4563079903895,156.88109556562603,156.04488424019445,155.2604405261955,158.45305198615347,157.65396852968897,156.03195521857253,152.99840934189103,,1.0559401939383566,1.5726118267931337,2.5450379985966096,3.677867141317808,159.19971445781482,157.7063895144921,159.19971445781482,156.05580161675996,159.19971445781482,152.81449153789896,159.19971445781482,149.07660384292646,1.4933249433227331,6.385222919915861,575,9,0.7071067811865476,-0.7071067811865475,False,False,True,False,True
160.40582241207755,159.19971445781482,157.7063895144921,156.05580161675996,154.38337896589684,152.81449153789896,158.45305198615347,157.62775803728738,156.79154671185583,159.8027684349462,159.1039754614615,157.55022139340824,154.13133119880615,,0.8528471133019746,1.3522606844482548,2.40633821702796,4.060575370622693,160.40582241207755,159.19971445781482,160.40582241207755,157.7063895144921,160.40582241207755,154.38337896589684,160.40582241207755,149.24467617986306,1.206107954262734,6.022443446180716,580,9,0.7071067811865476,-0.7071067811865475,False,False,True,False,True
161.2218441946925,160.40582241207755,159.19971445781482,157.7063895144921,156.05580161675996,154.38337896589684,159.8027684349462,159.05610596328484,158.23081201441875,160.81383330338502,160.27579368819497,158.9179144391674,155.3290480002891,,0.5770145360826052,1.017316455171288,2.0773093267525176,4.222231808069896,161.2218441946925,160.40582241207755,161.2218441946925,159.19971445781482,161.2218441946925,156.05580161675996,161.2218441946925,149.65692609872056,0.8160217826149392,5.166042577932529,585,9,0.7071067811865476,-0.7071067811865475,False,False,True,False,True
161.5883192384429,161.2218441946925,160.40582241207755,159.19971445781482,157.7063895144921,156.05580161675996,160.81383330338502,160.21077932625366,159.4641168545923,161.40508171656768,161.07199528173763,160.02441796350394,156.52218731426132,,0.25913698857076717,0.6053228135639902,1.5873309274542007,4.125999788748301,161.5883192384429,161.2218441946925,161.5883192384429,160.40582241207755,161.5883192384429,157.7063895144921,161.5883192384429,150.38980321414812,0.3664750437503983,3.8819297239508046,590,9,0.7071067811865476,-0.7071067811865475,False,False,True,False,True
161.4921783605546,161.5883192384429,161.2218441946925,160.40582241207755,159.19971445781482,157.7063895144921,161.40508171656768,160.9970708252602,160.39401684812884,161.54024879949873,161.43411393122997,160.78157573271648,157.63242482890197,,0.06798186670114464,0.19001209930436397,0.9991375216077607,3.7709897193430515,161.5883192384429,161.4921783605546,161.5883192384429,161.2218441946925,161.5883192384429,159.19971445781482,161.5883192384429,151.4563079903895,-0.09614087788830261,2.292463902739769,595,9,0.7071067811865476,-0.7071067811865475,False,False,True,False,True
160.9584686944865,161.4921783605546,161.5883192384429,161.2218441946925,160.40582241207755,159.19971445781482,161.54024879949873,161.35701127762354,160.94900038631607,161.22532352752054,161.346322097828,161.1333265800508,158.58264089931168,,0.3773897240609987,0.3393132239649781,0.47525411156194763,3.1950015468385278,161.4921783605546,160.9584686944865,161.5883192384429,160.9584686944865,161.5883192384429,160.40582241207755,161.5883192384429,152.81449153789896,-0.5337096660680913,0.5526462824089435,600,10,0.49999999999999994,-0.8660254037844387,False,False,True,False,True
160.03742358387652,160.9584686944865,161.4921783605546,161.5883192384429,161.2218441946925,160.40582241207755,161.22532352752054,161.2733939664647,161.0901564445895,160.49794613918152,160.82935687963922,161.0596468144106,159.30493410390943,,0.6512772434906353,0.73592136849774,0.6221059808239101,2.4832793020602595,160.9584686944865,160.03742358387652,161.4921783605546,160.03742358387652,161.5883192384429,160.03742358387652,161.5883192384429,154.38337896589684,-0.9210451106099811,-1.1844206108159767,605,10,0.49999999999999994,-0.8660254037844387,False,False,True,False,True
158.792066727999,160.03742358387652,160.9584686944865,161.4921783605546,161.5883192384429,161.2218441946925,160.49794613918152,160.76480097221554,160.8128714111597,159.41474515593777,159.92931966878734,160.57369132107192,159.74580288011964,,0.8806002777877527,1.0872392618180489,1.170780845856452,1.8134607804101521,160.03742358387652,158.792066727999,160.9584686944865,158.792066727999,161.5883192384429,158.792066727999,161.5883192384429,156.05580161675996,-1.2453568558775032,-2.7962525104438782,610,10,0.49999999999999994,-0.8660254037844387,False,False,True,False,True
157.28870961629212,158.792066727999,160.03742358387652,160.9584686944865,161.4921783605546,161.5883192384429,159.41474515593777,159.87526771124277,160.1421225442768,158.04038817214558,158.70606664272256,159.71376939664177,159.86909368007287,,1.0630340082325596,1.376373543008921,1.6990598551514113,1.5587370881151636,158.792066727999,157.28870961629212,160.03742358387652,157.28870961629212,161.4921783605546,157.28870961629212,161.5883192384429,157.28870961629212,-1.5033571117068902,-4.203468744262466,615,10,0.49999999999999994,-0.8660254037844387,False,False,True,False,True
155.59072728084038,157.28870961629212,158.792066727999,160.03742358387652,160.9584686944865,161.4921783605546,158.04038817214558,158.66306660008433,159.1235891553893,156.43971844856625,157.22383454171052,158.5334791806989,159.65752745670767,,1.200654823732435,1.601655439055678,2.1458407700737574,1.9733355534436439,157.28870961629212,155.59072728084038,158.792066727999,155.59072728084038,160.9584686944865,155.59072728084038,161.5883192384429,155.59072728084038,-1.6979823354517407,-5.367741413646115,620,10,0.49999999999999994,-0.8660254037844387,False,False,True,False,True
153.7550859664815,155.59072728084038,157.28870961629212,158.792066727999,160.03742358387652,160.9584686944865,156.43971844856625,157.19139700441968,157.81407543235844,154.67290662366094,155.544840954538,157.0928026350979,159.11306460757436,,1.2979944212088572,1.767258665512477,2.4996626504649786,2.722566267351589,155.59072728084038,153.7550859664815,157.28870961629212,153.7550859664815,160.03742358387652,153.7550859664815,161.5883192384429,153.7550859664815,-1.8356413143588952,-6.282337617395029,625,10,0.49999999999999994,-0.8660254037844387,False,False,True,False,True
151.830853068874,153.7550859664815,155.59072728084038,157.28870961629212,158.792066727999,160.03742358387652,154.67290662366094,155.5218977913868,156.27357634724024,152.79296951767776,153.72555543873196,155.45148853209741,158.255567673254,,1.3606381304799198,1.8801110503113054,2.7631962582521736,3.5074155719731084,153.7550859664815,151.830853068874,155.59072728084038,151.830853068874,158.792066727999,151.830853068874,161.5883192384429,151.830853068874,-1.9242328976074816,-6.961213659125008,630,10,0.49999999999999994,-0.8660254037844387,False,False,True,False,True
149.8589859916061,151.830853068874,153.7550859664815,155.59072728084038,157.28870961629212,158.792066727999,152.79296951767776,153.7107901748572,154.55978134258305,150.84491953024005,151.8149750089872,153.6648723848188,157.11928185294533,,1.3943205819339761,1.9480985185930753,2.945235556808727,4.20990906250793,151.830853068874,149.8589859916061,153.7550859664815,149.8589859916061,157.28870961629212,149.8589859916061,161.5883192384429,149.8589859916061,-1.971867077267916,-7.429723624686034,635,10,0.49999999999999994,-0.8660254037844387,False,False,True,False,True
147.87286249322955,149.8589859916061,151.830853068874,153.7550859664815,155.59072728084038,157.28870961629212,150.84491953024005,151.8070359790438,152.72485663622325,148.8659242424178,149.85423385123656,151.7817029602063,155.74773617842402,,1.4044013939752718,1.9789995670417004,3.0570082121021938,4.786817654083947,149.8589859916061,147.87286249322955,151.830853068874,147.87286249322955,155.59072728084038,147.87286249322955,161.4921783605546,147.87286249322955,-1.9861234983765428,-7.717864787610836,640,10,0.49999999999999994,-0.8660254037844387,False,False,True,False,True
145.89936167539125,147.87286249322955,149.8589859916061,151.830853068874,153.7550859664815,155.59072728084038,148.8659242424178,149.85185778105176,150.81397422985552,146.8861120843104,147.87707005340894,149.84342983911648,154.18845450990767,,1.3954758109698837,1.979815511370419,3.110062543245825,5.2270756688556075,147.87286249322955,145.89936167539125,149.8589859916061,145.89936167539125,153.7550859664815,145.89936167539125,160.9584686944865,145.89936167539125,-1.9735008178382998,-7.85572429109024,645,10,0.49999999999999994,-0.8660254037844387,False,False,True,False,True
144.0256530981464,145.89936167539125,147.87286249322955,149.8589859916061,151.830853068874,153.7550859664815,146.8861120843104,147.87917383349867,148.86510737213263,144.96250738676883,145.93262575558904,147.89754326544946,152.49517295027368,,1.3249120409363768,1.923820393560543,3.0944731317599055,5.52447379600801,145.89936167539125,144.0256530981464,147.87286249322955,144.0256530981464,151.830853068874,144.0256530981464,160.03742358387652,144.0256530981464,-1.8737085772448552,-7.805199970727614,650,10,0.49999999999999994,-0.8660254037844387,False,False,True,False,True
142.54495557354764,144.0256530981464,145.89936167539125,147.87286249322955,149.8589859916061,151.830853068874,144.96250738676883,145.94925779568797,146.94231954487623,143.285304335847,144.15665678236175,146.0403637663842,150.7459261492408,,1.0470112605287816,1.6810358556505018,2.9256087564717954,5.639158073682348,144.0256530981464,142.54495557354764,145.89936167539125,142.54495557354764,149.8589859916061,142.54495557354764,158.792066727999,142.54495557354764,-1.480697524598753,-7.314030418058451,655,10,0.49999999999999994,-0.8660254037844387,False,False,True,False,True
141.62623219545483,142.54495557354764,144.0256530981464,145.89936167539125,147.87286249322955,149.8589859916061,143.285304335847,144.22215862446944,145.20890903338858,142.08559388450124,142.7322802890496,144.39381300715394,149.02934269598637,,0.6496355306821701,1.2106292078295957,2.529020620550877,5.529343803718705,142.54495557354764,141.62623219545483,144.0256530981464,141.62623219545483,147.87286249322955,141.62623219545483,157.28870961629212,141.62623219545483,-0.9187233780928068,-6.246630297774715,660,11,0.258819045102521,-0.9659258262890682,False,False,True,False,True
141.2928376022533,141.62623219545483,142.54495557354764,144.0256530981464,145.89936167539125,147.87286249322955,142.08559388450124,142.82594264680063,143.76279693542304,141.45953489885406,141.8213417904186,143.07780802895869,147.42975549458248,,0.23574557765860205,0.6484602293499404,1.8997828046087843,5.1770043149131775,141.62623219545483,141.2928376022533,142.54495557354764,141.2928376022533,145.89936167539125,141.2928376022533,155.59072728084038,141.2928376022533,-0.33339459320154674,-4.606524073137962,665,11,0.258819045102521,-0.9659258262890682,False,False,True,False,True
141.4978422244448,141.2928376022533,141.62623219545483,142.54495557354764,144.0256530981464,145.89936167539125,141.45953489885406,141.91889658790046,142.65924535019985,141.39533991334906,141.4723040073843,142.1975041387694,146.02046698894293,,0.14496015851784017,0.16815807770053004,1.1288435550457632,4.593927836669305,141.4978422244448,141.2928376022533,141.62623219545483,141.2928376022533,144.0256530981464,141.2928376022533,153.7550859664815,141.2928376022533,0.20500462219152382,-2.5278108737015828,670,11,0.258819045102521,-0.9659258262890682,False,False,True,False,True
142.12375171583963,141.4978422244448,141.2928376022533,141.62623219545483,142.54495557354764,144.0256530981464,141.39533991334906,141.56203720994984,142.0213988989962,141.81079697014223,141.63814384751257,141.81712386230805,144.85733356387874,,0.44258484577153256,0.43286022584631734,0.509169941101772,3.8263533882165564,142.12375171583963,141.4978422244448,142.12375171583963,141.2928376022533,142.54495557354764,141.2928376022533,151.830853068874,141.2928376022533,0.6259094913948218,-0.42120385770800794,675,11,0.258819045102521,-0.9659258262890682,False,False,True,False,True
142.99419941689803,142.12375171583963,141.4978422244448,141.2928376022533,141.62623219545483,142.54495557354764,141.81079697014223,141.70829465904646,141.87499195564723,142.55897556636882,142.20526445239418,141.90697263097815,143.97366819868114,,0.6154994720846068,0.7515014680762433,0.6805181795617264,2.959006440799651,142.99419941689803,142.12375171583963,142.99419941689803,141.4978422244448,142.99419941689803,141.2928376022533,149.8589859916061,141.2928376022533,0.8704477010583958,1.3679672214431946,680,11,0.258819045102521,-0.9659258262890682,False,False,True,False,True
143.89337856377483,142.99419941689803,142.12375171583963,141.4978422244448,141.2928376022533,141.62623219545483,142.55897556636882,142.24602082067142,142.14351850957564,143.44378899033643,143.00377656550415,142.36040190464212,143.37710745589803,,0.6358156722561324,0.8848522964699709,1.0829846233316032,2.1242542679386167,143.89337856377483,142.99419941689803,143.89337856377483,142.12375171583963,143.89337856377483,141.2928376022533,147.87286249322955,141.2928376022533,0.8991791468768042,2.6005409615215456,685,11,0.258819045102521,-0.9659258262890682,False,False,True,False,True
144.60093928202397,143.89337856377483,142.99419941689803,142.12375171583963,141.4978422244448,141.2928376022533,143.44378899033643,143.00856513980722,142.69561039410982,144.24715892289942,143.8295057542323,143.02202224059624,143.04991513477745,,0.5003209819726522,0.8052720350281649,1.2632329191859764,1.5212388440800817,144.60093928202397,143.89337856377483,144.60093928202397,142.99419941689803,144.60093928202397,141.4978422244448,145.89936167539125,141.2928376022533,0.707560718249141,3.1030970575791628,690,11,0.258819045102521,-0.9659258262890682,False,False,True,False,True
144.93645166537195,144.60093928202397,143.89337856377483,142.99419941689803,142.12375171583963,141.4978422244448,144.24715892289942,143.797569349461,143.3623454989318,144.76869547369796,144.47692317039025,143.70974412878167,142.95362413377555,,0.23724308143200554,0.532480394737876,1.1575985871433683,1.3405829375211258,144.93645166537195,144.60093928202397,144.93645166537195,143.89337856377483,144.93645166537195,142.12375171583963,144.93645166537195,141.2928376022533,0.3355123833479752,2.812699949532316,695,11,0.258819045102521,-0.9659258262890682,False,False,True,False,True
144.7907718481153,144.93645166537195,144.60093928202397,143.89337856377483,142.99419941689803,142.12375171583963,144.76869547369796,144.41491511457338,143.96532554113497,144.86361175674364,144.77605426517042,144.2431481552368,143.03013600877244,,0.10301118665174835,0.16823969592057889,0.8047961969794494,1.4275771419145937,144.93645166537195,144.7907718481153,144.93645166537195,144.60093928202397,144.93645166537195,142.99419941689803,144.93645166537195,141.2928376022533,-0.14567981725664936,1.796572431217271,700,11,0.258819045102521,-0.9659258262890682,False,False,True,False,True
144.13122181618402,144.7907718481153,144.93645166537195,144.60093928202397,143.89337856377483,142.99419941689803,144.86361175674364,144.69585556506962,144.34207520594506,144.46099683214965,144.61948177655708,144.470552635094,143.18876263303605,,0.466372300107684,0.4290734132632312,0.4429667712623508,1.4555317587419934,144.7907718481153,144.13122181618402,144.93645166537195,144.13122181618402,144.93645166537195,143.89337856377483,144.93645166537195,141.2928376022533,-0.6595500319312748,0.23784325240919202,705,11,0.258819045102521,-0.9659258262890682,False,False,True,False,True
142.98666334785136,144.13122181618402,144.7907718481153,144.93645166537195,144.60093928202397,143.89337856377483,144.46099683214965,144.53383674077799,144.366080549104,143.5589425820177,143.96955233738356,144.28920959190933,143.3248057482757,,0.8093250544209851,0.9128552105705908,0.78886774135518,1.3532438298409097,144.13122181618402,142.98666334785136,144.7907718481153,142.98666334785136,144.93645166537195,142.98666334785136,144.93645166537195,141.2928376022533,-1.1445584683326615,-1.6142759341726105,710,11,0.258819045102521,-0.9659258262890682,False,False,True,False,True
141.42513378934902,142.98666334785136,144.13122181618402,144.7907718481153,144.93645166537195,144.60093928202397,143.5589425820177,143.88871759798332,143.96155750661165,142.2058985686002,142.84767298446147,143.65404849337432,143.33803536698528,,1.104168139839192,1.3583875894180077,1.4643988485940933,1.3316459549491961,142.98666334785136,141.42513378934902,144.13122181618402,141.42513378934902,144.93645166537195,141.42513378934902,144.93645166537195,141.42513378934902,-1.5615295585023432,-3.511317876022929,715,11,0.258819045102521,-0.9659258262890682,False,False,True,False,True
139.5330423711702,141.42513378934902,142.98666334785136,144.13122181618402,144.7907718481153,144.93645166537195,142.2058985686002,142.77817780276652,143.10795281873214,140.4790880802596,141.3149465027902,142.57336663453398,143.14155538165784,,1.337910672418323,1.7294451107903084,2.1258306091158663,1.7212768385384019,141.42513378934902,139.5330423711702,142.98666334785136,139.5330423711702,144.7907718481153,139.5330423711702,144.93645166537195,139.5330423711702,-1.8920914181788078,-5.257729476945087,720,12,1.2246467991473532e-16,-1.0,True,False,False,False,True
137.3996826576528,139.5330423711702,141.42513378934902,142.98666334785136,144.13122181618402,144.7907718481153,140.4790880802596,141.25985285951077,141.8321320936771,138.46636251441151,139.4526196060573,141.0951487964415,142.66914847583917,,1.508513120137778,2.0139302543247806,2.6926336197931158,2.502590675987734,139.5330423711702,137.3996826576528,141.42513378934902,137.3996826576528,144.13122181618402,137.3996826576528,144.93645166537195,137.3996826576528,-2.1333597135174216,-6.731539158531234,725,12,1.2246467991473532e-16,-1.0,True,False,False,False,True
135.107481257367,137.3996826576528,139.5330423711702,141.42513378934902,142.98666334785136,144.13122181618402,138.46636251441151,139.4124082235009,140.19317300275208,136.25358195750988,137.34673542873,139.29040068467808,141.88047665988606,,1.620831153986958,2.2132555997433383,3.136476832549157,3.451565852377914,137.3996826576528,135.107481257367,139.5330423711702,135.107481257367,142.98666334785136,135.107481257367,144.93645166537195,135.107481257367,-2.2922014002857907,-7.879182090484363,730,12,1.2246467991473532e-16,-1.0,True,False,False,False,True
132.7269572738942,135.107481257367,137.3996826576528,139.5330423711702,141.42513378934902,142.98666334785136,136.25358195750988,137.3202618142686,138.26630752335802,133.9172192656306,135.07804039630466,137.23845946988664,140.763834530898,,1.6832846514905584,2.3365018085241913,3.4537684371952713,4.403105067669734,135.107481257367,132.7269572738942,137.3996826576528,132.7269572738942,141.42513378934902,132.7269572738942,144.93645166537195,132.7269572738942,-2.3805239834728127,-8.698176515454833,735,12,1.2246467991473532e-16,-1.0,True,False,False,False,True
130.3150199388392,132.7269572738942,135.107481257367,137.3996826576528,139.5330423711702,141.42513378934902,133.9172192656306,135.06331996577347,136.1299998225322,131.5209886063667,132.71648615670014,135.01643669978466,139.33524259657952,,1.7054972454142638,2.3962478180740847,3.654890996994002,5.254961808641816,132.7269572738942,130.3150199388392,135.107481257367,130.3150199388392,139.5330423711702,130.3150199388392,144.93645166537195,130.3150199388392,-2.411937335054972,-9.218022432330997,740,12,1.2246467991473532e-16,-1.0,True,False,False,False,True
127.91537070321748,130.3150199388392,132.7269572738942,135.107481257367,137.3996826576528,139.5330423711702,131.5209886063667,132.7112505981031,133.857351298246,129.11519532102835,130.31911597198362,132.69290236619412,137.63313450036406,,1.6968082469772945,2.4057959005083234,3.7571353881505063,5.949788267091805,130.3150199388392,127.91537070321748,132.7269572738942,127.91537070321748,137.3996826576528,127.91537070321748,144.7907718481153,127.91537070321748,-2.3996492356217374,-9.484311954435313,745,12,1.2246467991473532e-16,-1.0,True,False,False,False,True
125.56006596403265,127.91537070321748,130.3150199388392,132.7269572738942,135.107481257367,137.3996826576528,129.11519532102835,130.32116398855584,131.51142598029224,126.73771833362505,127.93015220202979,130.3249790274701,135.71006391195579,,1.665451952838639,2.3775114500610277,3.7799647828100724,6.464819585091377,127.91537070321748,125.56006596403265,130.3150199388392,125.56006596403265,135.107481257367,125.56006596403265,144.13122181618402,125.56006596403265,-2.355304739184831,-9.547415293334353,750,12,1.2246467991473532e-16,-1.0,True,False,False,False,True
123.27158722732014,125.56006596403265,127.91537070321748,130.3150199388392,132.7269572738942,135.107481257367,126.73771833362505,127.93754295143593,129.14351161896343,124.41582659567639,125.58234129819009,127.95780022146073,133.62410045306942,,1.618198833331064,2.321971874430823,3.7420871798533564,6.8022250990083455,125.56006596403265,123.27158722732014,127.91537070321748,123.27158722732014,132.7269572738942,123.27158722732014,142.98666334785136,123.27158722732014,-2.2884787367125057,-9.455370046574046,755,12,1.2246467991473532e-16,-1.0,True,False,False,False,True
121.06500319702909,123.27158722732014,125.56006596403265,127.91537070321748,130.3150199388392,132.7269572738942,124.41582659567639,125.59347896526882,126.79330358307968,122.16829521217461,123.29888546279396,125.62540940608771,131.4319344379872,,1.560290531077395,2.2476557154246044,3.6598641743084857,6.979731117308523,123.27158722732014,121.06500319702909,125.56006596403265,121.06500319702909,130.3150199388392,121.06500319702909,141.42513378934902,121.06500319702909,-2.2065840302910544,-9.250016741810128,760,12,1.2246467991473532e-16,-1.0,True,False,False,False,True
118.94998320666556,121.06500319702909,123.27158722732014,125.56006596403265,127.91537070321748,130.3150199388392,122.16829521217461,123.31253458053087,124.49018695012327,120.00749320184732,121.0955245436716,123.35240205965299,129.18441937971883,,1.4955449775320337,2.1609636721371275,3.5466349934780803,7.022753908411039,121.06500319702909,118.94998320666556,123.27158722732014,118.94998320666556,127.91537070321748,118.94998320666556,139.5330423711702,118.94998320666556,-2.115019990363521,-8.965387496551912,765,12,1.2246467991473532e-16,-1.0,True,False,False,False,True
116.9325406958604,118.94998320666556,121.06500319702909,123.27158722732014,125.56006596403265,127.91537070321748,120.00749320184732,121.11078521699285,122.2550245853491,117.94126195126299,118.98250903318501,121.15583605818156,126.92436921218784,,1.426547280045474,2.066423245113745,3.412620151801106,6.958670993724617,118.94998320666556,116.9325406958604,121.06500319702909,116.9325406958604,125.56006596403265,116.9325406958604,137.3996826576528,116.9325406958604,-2.017442510805168,-8.62752526817225,770,12,1.2246467991473532e-16,-1.0,True,False,False,False,True
115.01646087941818,116.9325406958604,118.94998320666556,121.06500319702909,123.27158722732014,125.56006596403265,117.94126195126299,118.99877194644475,120.10206396159026,115.97450078763929,116.96632826064804,119.04711504125866,124.68604703436438,,1.3548730315023445,1.9669788190018196,3.2651596472407407,6.813166545199882,116.9325406958604,115.01646087941818,118.94998320666556,115.01646087941818,123.27158722732014,115.01646087941818,135.107481257367,115.01646087941818,-1.9160798164422204,-8.255126347901964,775,12,1.2246467991473532e-16,-1.0,True,False,False,False,True
113.20440985760014,115.01646087941818,116.9325406958604,118.94998320666556,121.06500319702909,123.27158722732014,115.97450078763929,116.98322204304188,118.04073203822364,114.11043536850916,115.05113714429291,117.03367956731468,122.4957398943877,,1.2813135653852066,1.864307302812304,3.109119516098561,6.608247310695514,115.01646087941818,113.20440985760014,116.9325406958604,113.20440985760014,121.06500319702909,113.20440985760014,132.7269572738942,113.20440985760014,-1.8120510218180357,-7.860593339428945,780,13,-0.2588190451025208,-0.9659258262890683,True,False,False,False,True
111.49874269857644,113.20440985760014,115.01646087941818,116.9325406958604,118.94998320666556,121.06500319702909,114.11043536850916,115.06847527673027,116.07719653213286,112.35157627808829,113.23987114519825,115.12042746762415,120.37291843685591,,1.2060888145948265,1.759127177653321,2.947362575681547,6.361453550934014,113.20440985760014,111.49874269857644,115.01646087941818,111.49874269857644,118.94998320666556,111.49874269857644,130.3150199388392,111.49874269857644,-1.7056671590237045,-7.451240508089128,785,13,-0.2588190451025208,-0.9659258262890683,True,False,False,False,True
109.9020328358251,111.49874269857644,113.20440985760014,115.01646087941818,116.9325406958604,118.94998320666556,112.35157627808829,113.2576017889973,114.21564169721842,110.70038776720077,111.53506179733388,113.31083739345604,118.33161972655451,,1.1290443715412277,1.6514880581470077,2.7812249460551604,6.085847702055882,111.49874269857644,109.9020328358251,113.20440985760014,109.9020328358251,116.9325406958604,109.9020328358251,127.91537070321748,109.9020328358251,-1.5967098627513394,-7.0305078600353,790,13,-0.2588190451025208,-0.9659258262890683,True,False,False,False,True
108.4173401029478,109.9020328358251,111.49874269857644,113.20440985760014,115.01646087941818,116.9325406958604,110.70038776720077,111.55322134671262,112.45924685762164,109.15968646938646,109.93937187911645,111.60779727487352,116.38181666652754,,1.0498362993986128,1.5410406036885922,2.610972112848736,5.790463598951454,109.9020328358251,108.4173401029478,111.49874269857644,108.4173401029478,115.01646087941818,108.4173401029478,125.56006596403265,108.4173401029478,-1.484692732877292,-6.599120776470372,795,13,-0.2588190451025208,-0.9659258262890683,True,False,False,False,True
107.0482246729161,108.4173401029478,109.9020328358251,111.49874269857644,113.20440985760014,115.01646087941818,109.15968646938646,109.95804140076211,110.81087498027398,107.73278238793196,108.455865870563,110.01415003357313,114.53063253741588,,0.9681108048056577,1.427294095049929,2.436229596699909,5.480998193297152,108.4173401029478,107.0482246729161,109.9020328358251,107.0482246729161,113.20440985760014,107.0482246729161,123.27158722732014,107.0482246729161,-1.369115430031698,-6.156185184684034,800,13,-0.2588190451025208,-0.9659258262890683,True,False,False,False,True
105.79850421437928,107.0482246729161,108.4173401029478,109.9020328358251,111.49874269857644,113.20440985760014,107.73278238793196,108.4751287543706,109.27348368574627,106.4233644436477,107.08802299674772,108.53296890492895,112.7833242361218,,0.8836858108225469,1.3098714756662047,2.2563955127688544,5.160609179325465,107.0482246729161,105.79850421437928,108.4173401029478,105.79850421437928,111.49874269857644,105.79850421437928,121.06500319702909,105.79850421437928,-1.249720458536828,-5.700238484197158,805,13,-0.2588190451025208,-0.9659258262890683,True,False,False,False,True
104.67174845671197,105.79850421437928,107.0482246729161,108.4173401029478,109.9020328358251,111.49874269857644,106.4233644436477,107.10792215866354,107.8502685251022,105.23512633554563,105.83949244800245,107.16757005655604,111.14399876209009,,0.7967366369917194,1.1887681977717224,2.071045745458448,4.8307413628313,105.79850421437928,104.67174845671197,107.0482246729161,104.67174845671197,109.9020328358251,104.67174845671197,118.94998320666556,104.67174845671197,-1.1267557576673113,-5.2302843791131295,810,13,-0.2588190451025208,-0.9659258262890683,True,False,False,False,True
103.67051793258824,104.67174845671197,105.79850421437928,107.0482246729161,108.4173401029478,109.9020328358251,105.23512633554563,105.85998656481404,106.54454427982989,104.17113319465011,104.7135902012265,105.92126707590867,109.61605223468237,,0.7079768931437418,1.0646100002239245,1.8803359532151067,4.4919418676970215,104.67174845671197,103.67051793258824,105.79850421437928,103.67051793258824,108.4173401029478,103.67051793258824,116.9325406958604,103.67051793258824,-1.0012305241237272,-4.7468221703595646,815,13,-0.2588190451025208,-0.9659258262890683,True,False,False,False,True
102.7953910673728,103.67051793258824,104.67174845671197,105.79850421437928,107.0482246729161,108.4173401029478,104.17113319465011,104.73451107348376,105.35937130275218,103.23295449998052,103.71255248555765,104.79687726879368,108.20233727183361,,0.6188081407981572,0.9388846792235603,1.6853865476887475,4.144640328582218,103.67051793258824,102.7953910673728,104.67174845671197,102.7953910673728,107.0482246729161,102.7953910673728,115.01646087941818,102.7953910673728,-0.8751268652154351,-4.252833605543302,820,13,-0.2588190451025208,-0.9659258262890683,True,False,False,False,True
102.04388917027045,102.7953910673728,103.67051793258824,104.67174845671197,105.79850421437928,107.0482246729161,103.23295449998052,103.73356976204238,104.29694764087604,102.41964011882163,102.83659939007715,103.79601016826454,106.90508010091882,,0.5313920875225957,0.8140969702753389,1.4886079766408091,3.789867073088105,102.7953910673728,102.04388917027045,103.67051793258824,102.04388917027045,105.79850421437928,102.04388917027045,113.20440985760014,102.04388917027045,-0.7515018971023579,-3.7546150441088315,825,13,-0.2588190451025208,-0.9659258262890683,True,False,False,False,True
101.4094894923104,102.04388917027045,102.7953910673728,103.67051793258824,104.67174845671197,105.79850421437928,102.41964011882163,102.85720355142934,103.3578188134912,101.72668933129043,102.0829232433179,102.91820722385077,105.72558806438985,,0.44858831427655776,0.6937748468349451,1.293891737974894,3.429865206239593,102.04388917027045,101.4094894923104,102.7953910673728,101.4094894923104,104.67174845671197,101.4094894923104,111.49874269857644,101.4094894923104,-0.6343996779600474,-3.2622589644015676,830,13,-0.2588190451025208,-0.9659258262890683,True,False,False,False,True
100.8809772323806,101.4094894923104,102.04388917027045,102.7953910673728,103.67051793258824,104.67174845671197,101.72668933129043,102.1024402798416,102.54000371244932,101.1452333623455,101.44478529832048,102.16005297898451,104.66381151777027,,0.3737146029469248,0.5822588679273386,1.1065750320421337,3.0685324637652736,101.4094894923104,100.8809772323806,102.04388917027045,100.8809772323806,103.67051793258824,100.8809772323806,109.9020328358251,100.8809772323806,-0.5285122599297978,-2.7895407002076382,835,13,-0.2588190451025208,-0.9659258262890683,True,False,False,False,True
100.44238054137232,100.8809772323806,101.4094894923104,102.04388917027045,102.7953910673728,103.67051793258824,101.1452333623455,101.46243320132552,101.8381841498767,100.66167888687646,100.91094908868776,101.51442550074131,103.71784628832499,,0.31013469443060093,0.484250621983177,0.933106803869517,2.7116218617278696,100.8809772323806,100.44238054137232,101.4094894923104,100.44238054137232,102.7953910673728,100.44238054137232,108.4173401029478,100.44238054137232,-0.4385966910082857,-2.3530105260004888,840,14,-0.4999999999999997,-0.8660254037844388,True,False,False,False,True
100.07362874316208,100.44238054137232,100.8809772323806,101.4094894923104,102.04388917027045,102.7953910673728,100.66167888687646,100.92593501684135,101.24313485582138,100.2580046422672,100.46566217230499,100.97007303589916,102.88347515234643,,0.26074689710447396,0.40417746291974427,0.7804129857913427,2.366651773808937,100.44238054137232,100.07362874316208,100.8809772323806,100.07362874316208,102.04388917027045,100.07362874316208,107.0482246729161,100.07362874316208,-0.3687517982102406,-1.9702604271083715,845,14,-0.4999999999999997,-0.8660254037844388,True,False,False,False,True
99.7518940553809,100.07362874316208,100.44238054137232,100.8809772323806,101.4094894923104,102.04388917027045,100.2580046422672,100.47730298777134,100.74155911773624,99.91276139927149,100.0893011133051,100.51167401292126,102.1538420905929,,0.22750077949073239,0.34550993363570903,0.6550588390312659,2.0425306502801326,100.07362874316208,99.7518940553809,100.44238054137232,99.7518940553809,101.4094894923104,99.7518940553809,105.79850421437928,99.7518940553809,-0.32173468778117353,-1.6575954369294976,850,14,-0.4999999999999997,-0.8660254037844388,True,False,False,False,True
99.45339208411076,99.7518940553809,100.07362874316208,100.44238054137232,100.8809772323806,101.4094894923104,99.91276139927149,100.09713729837661,100.31643564388075,99.60264306974582,99.75963829421791,100.12045453128134,101.51933087756605,,0.2110727681019906,0.31019084166297856,0.5623684117451453,1.7489745110391413,99.7518940553809,99.45339208411076,100.07362874316208,99.45339208411076,100.8809772323806,99.45339208411076,104.67174845671197,99.45339208411076,-0.29850197127014155,-1.4275851482698414,855,14,-0.4999999999999997,-0.8660254037844388,True,False,False,False,True
99.15530563543696,99.45339208411076,99.7518940553809,100.07362874316208,100.44238054137232,100.8809772323806,99.60264306974582,99.76351041363642,99.94788631274153,99.30434885977385,99.45353059164286,99.77532021189259,100.96768659543855,,0.2107789492566294,0.2982942341188754,0.5056090491372084,1.495845029646241,99.45339208411076,99.15530563543696,99.7518940553809,99.15530563543696,100.44238054137232,99.15530563543696,103.67051793258824,99.15530563543696,-0.29808644867379996,-1.2870749059353557,860,14,-0.4999999999999997,-0.8660254037844388,True,False,False,False,True
98.8374979287545,99.15530563543696,99.45339208411076,99.7518940553809,100.07362874316208,100.44238054137232,99.30434885977385,99.45359984540893,99.61446718929952,98.99640178209573,99.14873188276742,99.45434368936904,100.48438459505518,,0.22472398452707615,0.30799969697422136,0.4852766102456172,1.2924812251935631,99.15530563543696,98.8374979287545,99.45339208411076,98.8374979287545,100.07362874316208,98.8374979287545,102.7953910673728,98.8374979287545,-0.3178077066824585,-1.2361308144075736,865,14,-0.4999999999999997,-0.8660254037844388,True,False,False,False,True
98.4837758106836,98.8374979287545,99.15530563543696,99.45339208411076,99.7518940553809,100.07362874316208,98.99640178209573,99.14544500643262,99.2946959920677,98.66063686971904,98.82552645829169,99.13637310287334,100.05322306938626,,0.2501193083604812,0.3359249372698883,0.4987321710368078,1.146843563784207,98.8374979287545,98.4837758106836,99.15530563543696,98.4837758106836,99.7518940553809,98.4837758106836,102.04388917027045,98.4837758106836,-0.35372211807090537,-1.2681182446973054,870,14,-0.4999999999999997,-0.8660254037844388,True,False,False,False,True
98.08221119570597,98.4837758106836,98.8374979287545,99.15530563543696,99.45339208411076,99.7518940553809,98.66063686971904,98.81954072306027,98.96858394739718,98.28299350319477,98.4678283117147,98.80243653093835,99.6570552719298,,0.2839490623503201,0.377895824719034,0.5407768085996455,1.0640540129201406,98.4837758106836,98.08221119570597,98.8374979287545,98.08221119570597,99.45339208411076,98.08221119570597,101.4094894923104,98.08221119570597,-0.4015646149776302,-1.371180888404794,875,14,-0.4999999999999997,-0.8660254037844388,True,False,False,False,True
97.61848450663456,98.08221119570597,98.4837758106836,98.8374979287545,99.15530563543696,99.45339208411076,98.28299350319477,98.45985456223023,98.61875841557146,97.85034785117026,98.06149050434139,98.43545501544311,99.27795477336221,,0.3279042864728363,0.4330176330377043,0.6071203189953511,1.0454914670950026,98.08221119570597,97.61848450663456,98.4837758106836,97.61848450663456,99.15530563543696,97.61848450663456,100.8809772323806,97.61848450663456,-0.46372668907140735,-1.5368211288024014,880,14,-0.4999999999999997,-0.8660254037844388,True,False,False,False,True
97.1154500072088,97.61848450663456,98.08221119570597,98.4837758106836,98.8374979287545,99.15530563543696,97.85034785117026,98.05113015865908,98.22799121769452,97.36696725692168,97.60538190318312,98.02748388979748,98.90140205084504,,0.35569910572715946,0.4835137615177281,0.6830824322150697,1.081475227079688,97.61848450663456,97.1154500072088,98.08221119570597,97.1154500072088,98.8374979287545,97.1154500072088,100.44238054137232,97.1154500072088,-0.5030344994257518,-1.7220479215456947,885,14,-0.4999999999999997,-0.8660254037844388,True,False,False,False,True
96.6211467619438,97.1154500072088,97.61848450663456,98.08221119570597,98.4837758106836,98.8374979287545,97.36696725692168,97.5988306014574,97.7996129089462,96.8682983845763,97.11836042526238,97.58421365643535,98.51927867290219,,0.34952517670225197,0.49867524218100173,0.7425673894925459,1.1494474380555832,97.1154500072088,96.6211467619438,97.61848450663456,96.6211467619438,98.4837758106836,96.6211467619438,100.07362874316208,96.6211467619438,-0.4943032452650016,-1.862629048739791,890,14,-0.4999999999999997,-0.8660254037844388,True,False,False,False,True
96.15040702726957,96.6211467619438,97.1154500072088,97.61848450663456,98.08221119570597,98.4837758106836,96.8682983845763,97.11981563428918,97.35167897882488,96.38577689460669,96.62900126547406,97.11753989975254,98.12695650131295,,0.3328632585758075,0.4825694335741188,0.768650231957437,1.2268952044821975,96.6211467619438,96.15040702726957,97.1154500072088,96.15040702726957,98.08221119570597,96.15040702726957,99.7518940553809,96.15040702726957,-0.4707397346742397,-1.9318041684364005,895,14,-0.4999999999999997,-0.8660254037844388,True,False,False,False,True
95.68072686439628,96.15040702726957,96.6211467619438,97.1154500072088,97.61848450663456,98.08221119570597,96.38577689460669,96.63292851723918,96.88444576695207,95.91556694583292,96.15076021786989,96.63724303349059,97.71983978221448,,0.33211402817040786,0.4702100482783249,0.7654587361479578,1.30100916971943,96.15040702726957,95.68072686439628,96.6211467619438,95.68072686439628,97.61848450663456,95.68072686439628,99.45339208411076,95.68072686439628,-0.4696801628732885,-1.9377576422382816,900,15,-0.7071067811865471,-0.7071067811865479,True,False,False,False,True
95.16491139305684,95.68072686439628,96.15040702726957,96.6211467619438,97.1154500072088,97.61848450663456,95.91556694583292,96.15093681317003,96.39808843580255,95.42281912872656,95.6653484282409,96.14652841077506,97.2909917131091,,0.36473661763786447,0.49292776702628055,0.7656091909471988,1.3710082487719009,95.68072686439628,95.16491139305684,96.15040702726957,95.16491139305684,97.1154500072088,95.16491139305684,99.15530563543696,95.16491139305684,-0.5158154713394367,-1.9505386141519665,905,15,-0.7071067811865471,-0.7071067811865479,True,False,False,False,True
94.5578503178715,95.16491139305684,95.68072686439628,96.15040702726957,96.6211467619438,97.1154500072088,95.42281912872656,95.6576592101632,95.89302907750033,94.86138085546418,95.13449619177487,95.6350084729076,96.83124618135255,,0.4292570028689933,0.5620558228986083,0.8095454776767678,1.4452108077477979,95.16491139305684,94.5578503178715,95.68072686439628,94.5578503178715,96.6211467619438,94.5578503178715,98.8374979287545,94.5578503178715,-0.6070610751853422,-2.063296444072307,910,15,-0.7071067811865471,-0.7071067811865479,True,False,False,False,True
93.83890829958716,94.5578503178715,95.16491139305684,95.68072686439628,96.15040702726957,96.6211467619438,94.86138085546418,95.11928859113388,95.35412867257054,94.19837930872933,94.52055667017184,95.07856078043628,96.33138721843581,,0.5083687764182828,0.6637877395000529,0.9119748429812579,1.5358008626009148,94.5578503178715,93.83890829958716,95.16491139305684,93.83890829958716,96.15040702726957,93.83890829958716,98.4837758106836,93.83890829958716,-0.7189420182843378,-2.3114987276824053,915,15,-0.7071067811865471,-0.7071067811865479,True,False,False,False,True
93.01630427019673,93.83890829958716,94.5578503178715,95.16491139305684,95.68072686439628,96.15040702726957,94.19837930872933,94.50190984632201,94.75981758199171,93.42760628489194,93.80435429588512,94.4517402290217,95.78464006438712,,0.5816688874217886,0.7713537052955578,1.0566834880558196,1.653139518315727,93.83890829958716,93.01630427019673,94.5578503178715,93.01630427019673,95.68072686439628,93.01630427019673,98.08221119570597,93.01630427019673,-0.8226040293904333,-2.66442259419955,920,15,-0.7071067811865471,-0.7071067811865479,True,False,False,False,True
92.11865353288816,93.01630427019673,93.83890829958716,94.5578503178715,95.16491139305684,95.68072686439628,93.42760628489194,93.7870772940341,94.09060783162678,92.56747890154244,92.99128870089068,93.73932556272008,95.18828429810534,,0.6347349234958616,0.8604001683155749,1.2105300567991948,1.8012358272721842,93.01630427019673,92.11865353288816,93.83890829958716,92.11865353288816,95.16491139305684,92.11865353288816,97.61848450663456,92.11865353288816,-0.8976507373085667,-3.04625786016868,925,15,-0.7071067811865471,-0.7071067811865479,True,False,False,False,True
91.1836168542958,92.11865353288816,93.01630427019673,93.83890829958716,94.5578503178715,95.16491139305684,92.56747890154244,92.97878091623767,93.33825192537984,91.65113519359198,92.10619155246023,92.94306665496786,94.54479753287146,,0.6611707760985126,0.9164072603579427,1.3407780274379995,1.977394207331685,92.11865353288816,91.1836168542958,93.01630427019673,91.1836168542958,94.5578503178715,91.1836168542958,97.1154500072088,91.1836168542958,-0.9350366785923541,-3.374233463575692,930,15,-0.7071067811865471,-0.7071067811865479,True,False,False,False,True
90.24902742696707,91.1836168542958,92.11865353288816,93.01630427019673,93.83890829958716,94.5578503178715,91.65113519359198,92.09996056224627,92.51126257694148,90.71632214063143,91.18376593805034,92.08130207678698,93.85815527484729,,0.6608545216972702,0.9348130618868709,1.4254712394882338,2.1684966993190584,91.1836168542958,90.24902742696707,92.11865353288816,90.24902742696707,93.83890829958716,90.24902742696707,96.6211467619438,90.24902742696707,-0.9345894273287314,-3.5898808726200855,935,15,-0.7071067811865471,-0.7071067811865479,True,False,False,False,True
89.347679939347,90.24902742696707,91.1836168542958,92.11865353288816,93.01630427019673,93.83890829958716,90.71632214063143,91.18384047992762,91.6326658485819,89.79835368315705,90.26010807353663,91.18305640473895,93.13080859258761,,0.6373489207099162,0.9180186133646092,1.4557778794808907,2.3509179116786796,90.24902742696707,89.347679939347,91.1836168542958,89.347679939347,93.01630427019673,89.347679939347,96.15040702726957,89.347679939347,-0.9013474876200718,-3.668624330849724,940,15,-0.7071067811865471,-0.7071067811865479,True,False,False,False,True
88.5051297794958,89.347679939347,90.24902742696707,91.1836168542958,92.11865353288816,93.01630427019673,89.79835368315705,90.2656483968214,90.73316673611758,88.92640485942141,89.3672790486033,90.28082150659877,92.36628086781023,,0.5957729315296241,0.8721140092020991,1.4333100811072053,2.498338083221718,89.347679939347,88.5051297794958,90.24902742696707,88.5051297794958,92.11865353288816,88.5051297794958,95.68072686439628,88.5051297794958,-0.8425501598512,-3.613523753392357,945,15,-0.7071067811865471,-0.7071067811865479,True,False,False,False,True
87.73944752541126,88.5051297794958,89.347679939347,90.24902742696707,91.1836168542958,92.11865353288816,88.92640485942141,89.37707860323144,89.8443733168958,88.12228865245353,88.53075241475136,89.4049803051034,91.57215293391172,,0.5414191141074685,0.8044223168874325,1.3659225141485702,2.588240100547797,88.5051297794958,87.73944752541126,89.347679939347,87.73944752541126,91.1836168542958,87.73944752541126,95.16491139305684,87.73944752541126,-0.7656822540845383,-3.4441693288845414,950,15,-0.7071067811865471,-0.7071067811865479,True,False,False,False,True
87.06203104107915,87.73944752541126,88.5051297794958,89.347679939347,90.24902742696707,91.1836168542958,88.12228865245353,88.54356373237914,88.99423747618917,87.4007392832452,87.76886944866207,88.58066314246005,90.76186489871397,,0.4790057897703592,0.7219991200832646,1.264055637141694,2.606796682719875,87.73944752541126,87.06203104107915,88.5051297794958,87.06203104107915,90.24902742696707,87.06203104107915,94.5578503178715,87.06203104107915,-0.6774164843321131,-3.186996385887923,955,15,-0.7071067811865471,-0.7071067811865479,True,False,False,False,True
86.47886061975129,87.06203104107915,87.73944752541126,88.5051297794958,89.347679939347,90.24902742696707,87.4007392832452,87.78358041028747,88.20485549021308,86.77044583041521,87.09344639541389,87.8266297810169,89.95396592890195,,0.4123637595219422,0.6308803611357084,1.1382716638569723,2.550950006093058,87.06203104107915,86.47886061975129,87.73944752541126,86.47886061975129,89.347679939347,86.47886061975129,93.83890829958716,86.47886061975129,-0.5831704213278641,-2.8688193195957155,960,16,-0.8660254037844385,-0.5000000000000004,True,False,False,False,True
85.99183098382106,86.47886061975129,87.06203104107915,87.73944752541126,88.5051297794958,89.347679939347,86.77044583041521,87.10915407258128,87.49199519962355,86.23534580178617,86.51090754821716,87.1554599899117,89.16925819732533,,0.3443819582215105,0.5358192744549158,0.9978975551795609,2.4270280697410564,86.47886061975129,85.99183098382106,87.06203104107915,85.99183098382106,88.5051297794958,85.99183098382106,93.01630427019673,85.99183098382106,-0.4870296359302273,-2.513298795674743,965,16,-0.8660254037844385,-0.5000000000000004,True,False,False,False,True
85.59996980675407,85.99183098382106,86.47886061975129,87.06203104107915,87.73944752541126,88.5051297794958,86.23534580178617,86.5269310124501,86.86563925461616,85.79590039528756,86.02355380344214,86.57442799536337,88.42762475098108,,0.27708769560838764,0.44030332530753735,0.8504628736860235,2.247320421764169,85.99183098382106,85.59996980675407,86.47886061975129,85.59996980675407,87.73944752541126,85.59996980675407,92.11865353288816,85.59996980675407,-0.39186117706698553,-2.13947771865719,970,16,-0.8660254037844385,-0.5000000000000004,True,False,False,False,True
85.30046259687369,85.59996980675407,85.99183098382106,86.47886061975129,87.06203104107915,87.73944752541126,85.79590039528756,86.03941521325268,86.3310004239166,85.45021620181387,85.63075446248293,86.08663100965585,87.74580565737963,,0.21178357914777338,0.3467107337673753,0.7016295733687571,2.0265109207678815,85.59996980675407,85.30046259687369,85.99183098382106,85.30046259687369,87.06203104107915,85.30046259687369,91.1836168542958,85.30046259687369,-0.2995072098803888,-1.7615684442054658,975,16,-0.8660254037844385,-0.5000000000000004,True,False,False,False,True
85.08946608647979,85.30046259687369,85.59996980675407,85.99183098382106,86.47886061975129,87.06203104107915,85.45021620181387,85.64614679034737,85.88966160831248,85.19496434167674,85.32996616336919,85.69211801873598,87.13639058059802,,0.14919706334483898,0.2565274984308706,0.5553976943578443,1.7790273666036072,85.30046259687369,85.08946608647979,85.59996980675407,85.08946608647979,86.47886061975129,85.08946608647979,90.24902742696707,85.08946608647979,-0.21099651039389755,-1.3893945332714992,980,16,-0.8660254037844385,-0.5000000000000004,True,False,False,False,True
84.96272334685526,85.08946608647979,85.30046259687369,85.59996980675407,85.99183098382106,86.47886061975129,85.19496434167674,85.34471794661692,85.54064853515042,85.02609471666753,85.11755067673624,85.38889056415677,86.60776017258684,,0.08962065071911018,0.1706121579166132,0.41448299622990464,1.517536943099725,85.08946608647979,84.96272334685526,85.30046259687369,84.96272334685526,85.99183098382106,84.96272334685526,89.347679939347,84.96272334685526,-0.12674273962453242,-1.0291076369658043,985,16,-0.8660254037844385,-0.5000000000000004,True,False,False,False,True
84.91600603654047,84.96272334685526,85.08946608647979,85.30046259687369,85.59996980675407,85.99183098382106,85.02609471666753,85.13159297186448,85.28134657680467,84.93936469169786,84.9893984899585,85.17372557470065,86.16459278230619,,0.03303412709740613,0.08975393972832146,0.2809748120431094,1.2524271428584233,84.96272334685526,84.91600603654047,85.08946608647979,84.91600603654047,85.59996980675407,84.91600603654047,88.5051297794958,84.91600603654047,-0.046717310314789984,-0.6839637702136088,990,16,-0.8660254037844385,-0.5000000000000004,True,False,False,False,True
84.94541065633365,84.91600603654047,84.96272334685526,85.08946608647979,85.30046259687369,85.59996980675407,84.93936469169786,85.00273606151012,85.10823431670707,84.93070834643706,84.94138001324313,85.04281374461657,85.80862086998998,,0.020792206332077994,0.023618030281915205,0.1585413197883954,0.9920962840265123,84.94541065633365,84.91600603654047,84.96272334685526,84.91600603654047,85.30046259687369,84.91600603654047,87.73944752541126,84.91600603654047,0.02940461979318343,-0.3550519405400365,995,16,-0.8660254037844385,-0.5000000000000004,True,False,False,False,True
85.04753148805278,84.94541065633365,84.91600603654047,84.96272334685526,85.08946608647979,85.30046259687369,84.93070834643706,84.95406700159445,85.01743837140671,84.99647107219322,84.96964939364229,84.9922275228524,85.53942926625413,,0.07221033268900975,0.06903168409835517,0.07311958901835114,0.7442236528987702,85.04753148805278,84.94541065633365,85.04753148805278,84.91600603654047,85.08946608647979,84.91600603654047,87.06203104107915,84.91600603654047,0.10212083171913378,-0.0419345984270052,1000,16,-0.8660254037844385,-0.5000000000000004,True,False,False,False,True
85.21952611078376,85.04753148805278,84.94541065633365,84.91600603654047,84.96272334685526,85.08946608647979,84.99647107219322,84.98176876229662,85.00512741745402,85.13352879941827,85.07082275172338,85.01823952771318,85.35517877322458,,0.12161856410809965,0.13853404937214736,0.1226907545698968,0.5195467075750746,85.21952611078376,85.04753148805278,85.21952611078376,84.94541065633365,85.21952611078376,84.91600603654047,86.47886061975129,84.91600603654047,0.17199462273097765,0.2568027639285049,1005,16,-0.8660254037844385,-0.5000000000000004,True,False,False,False,True
85.45908210545655,85.21952611078376,85.04753148805278,84.94541065633365,84.91600603654047,84.96272334685526,85.13352879941827,85.0824683835587,85.06776607366211,85.33930410812016,85.24204656809769,85.11751127943344,85.2532009217951,,0.16939166834095007,0.20669749863110998,0.22483205598512518,0.3453660249297948,85.45908210545655,85.21952611078376,85.45908210545655,85.04753148805278,85.45908210545655,84.91600603654047,85.99183098382106,84.91600603654047,0.23955599467278432,0.5430760689160792,1010,16,-0.8660254037844385,-0.5000000000000004,True,False,False,False,True
85.76428773318217,85.45908210545655,85.21952611078376,85.04753148805278,84.94541065633365,84.91600603654047,85.33930410812016,85.25330679675466,85.2022463808951,85.61168491931936,85.48096531647417,85.28716761876179,85.23044659673121,,0.2158129690476293,0.27303930582171543,0.3301502932123795,0.29513781860465715,85.76428773318217,85.45908210545655,85.76428773318217,85.21952611078376,85.76428773318217,84.94541065633365,85.76428773318217,84.91600603654047,0.305205627725627,0.8188770768485227,1015,16,-0.8660254037844385,-0.5000000000000004,True,False,False,False,True
86.1334075003352,85.76428773318217,85.45908210545655,85.21952611078376,85.04753148805278,84.94541065633365,85.61168491931936,85.49190692198297,85.40590961061747,85.94884761675868,85.78559244632464,85.52476698756209,85.28379036608933,,0.26100709044573783,0.33766714774582446,0.43389332789250473,0.39920649086446675,86.1334075003352,85.76428773318217,86.1334075003352,85.45908210545655,86.1334075003352,85.04753148805278,86.1334075003352,84.91600603654047,0.3691197671530233,1.0858760122824123,1020,17,-0.9659258262890683,-0.25881904510252063,True,False,False,False,True
86.56456879967371,86.1334075003352,85.76428773318217,85.45908210545655,85.21952611078376,85.04753148805278,85.94884761675868,85.79624480289587,85.67646680555947,86.34898815000446,86.1540880110637,85.82817444988628,85.41020098636933,,0.30487707856605184,0.40054114521458795,0.5353053627293272,0.5690744322137689,86.56456879967371,86.1334075003352,86.56456879967371,85.76428773318217,86.56456879967371,85.21952611078376,86.56456879967371,84.91600603654047,0.43116129933851255,1.3450426888899472,1025,17,-0.9659258262890683,-0.25881904510252063,True,False,False,False,True
87.05538112362913,86.56456879967371,86.1334075003352,85.76428773318217,85.45908210545655,85.21952611078376,86.34898815000446,86.16442826642793,86.01182545256512,86.80997496165142,86.58445247454601,86.19534545245536,85.60679249008426,,0.3470567225750475,0.46130831439265674,0.633979104390634,0.7551214765624782,87.05538112362913,86.56456879967371,87.05538112362913,86.1334075003352,87.05538112362913,85.45908210545655,87.05538112362913,84.91600603654047,0.4908123239554243,1.5962990181725871,1030,17,-0.9659258262890683,-0.25881904510252063,True,False,False,False,True
87.60253447360776,87.05538112362913,86.56456879967371,86.1334075003352,85.76428773318217,85.45908210545655,86.80997496165142,86.59439431198217,86.40983442840565,87.32895779861845,87.07416146563686,86.6240359260856,85.87077360275951,,0.3868958441333149,0.5192376248128051,0.7292012125310456,0.9429962132797376,87.60253447360776,87.05538112362913,87.60253447360776,86.56456879967371,87.60253447360776,85.76428773318217,87.60253447360776,84.91600603654047,0.547153349978629,1.838246740425589,1035,17,-0.9659258262890683,-0.25881904510252063,True,False,False,False,True
88.20145153043671,87.60253447360776,87.05538112362913,86.56456879967371,86.1334075003352,85.76428773318217,87.32895779861845,87.08355163664073,86.86797098697147,87.90199300202224,87.61978904255788,87.11146868553651,86.19931815214915,,0.42349831226520185,0.5732300013717367,0.8197647821397984,1.1276445466379705,88.20145153043671,87.60253447360776,88.20145153043671,87.05538112362913,88.20145153043671,86.1334075003352,88.20145153043671,84.94541065633365,0.5989170568289524,2.068044030101518,1040,17,-0.9659258262890683,-0.25881904510252063,True,False,False,False,True
88.8460840524304,88.20145153043671,87.60253447360776,87.05538112362913,86.56456879967371,86.1334075003352,87.90199300202224,87.62841632703292,87.38301016505521,88.52376779143356,88.21669001882496,87.65400399595553,86.5893854917588,,0.455824027687271,0.6219148232789344,0.9039664216601507,1.3062159273850424,88.8460840524304,88.20145153043671,88.8460840524304,87.60253447360776,88.8460840524304,86.56456879967371,88.8460840524304,85.04753148805278,0.6446325219936853,2.281515252756691,1045,17,-0.9659258262890683,-0.25881904510252063,True,False,False,False,True
89.52893131849143,88.8460840524304,88.20145153043671,87.60253447360776,87.05538112362913,86.56456879967371,88.52376779143356,88.22430926301908,87.95073258802977,89.18750768546091,88.85882230045286,88.2468764997191,87.03752547480268,,0.48284593235784196,0.6638315630984254,0.9797468493513537,1.4761482120438039,89.52893131849143,88.8460840524304,89.52893131849143,88.20145153043671,89.52893131849143,87.05538112362913,89.52893131849143,85.21952611078376,0.6828472660610316,2.473550194862298,1050,17,-0.9659258262890683,-0.25881904510252063,True,False,False,False,True
90.24131171018917,89.52893131849143,88.8460840524304,88.20145153043671,87.60253447360776,87.05538112362913,89.18750768546091,88.86519142446407,88.5657328960496,89.8851215143403,89.53877569370366,88.8840626170311,87.53970403474322,,0.5037290057646383,0.6976659215243403,1.0449516008287922,1.6346393890165913,90.24131171018917,89.52893131849143,90.24131171018917,88.8460840524304,90.24131171018917,87.60253447360776,90.24131171018917,85.45908210545655,0.7123803916977351,2.6387772365814044,1055,17,-0.9659258262890683,-0.25881904510252063,True,False,False,False,True
90.97385211210518,90.24131171018917,89.52893131849143,88.8460840524304,88.20145153043671,87.60253447360776,89.8851215143403,89.54369788130978,89.22138162031294,90.60758191114718,90.24803171359525,89.55832614473059,88.09118103540808,,0.5179842856983892,0.722483836365065,1.0976616759850746,1.7786239990858879,90.97385211210518,90.24131171018917,90.97385211210518,89.52893131849143,90.97385211210518,88.20145153043671,90.97385211210518,85.76428773318217,0.7325404019160118,2.772400581668464,1060,17,-0.9659258262890683,-0.25881904510252063,True,False,False,False,True
91.71710208903248,90.97385211210518,90.24131171018917,89.52893131849143,88.8460840524304,88.20145153043671,90.60758191114718,90.2513917152983,89.9099680822678,91.34547710056883,90.97742197044226,90.26145625644972,88.68646247099312,,0.5255570988122432,0.7379016658797347,1.1365176756715634,1.9049876390024816,91.71710208903248,90.97385211210518,91.71710208903248,90.24131171018917,91.71710208903248,88.8460840524304,91.71710208903248,86.1334075003352,0.7432499769273022,2.8710180366020808,1065,17,-0.9659258262890683,-0.25881904510252063,True,False,False,False,True
92.46215500588768,91.71710208903248,90.97385211210518,90.24131171018917,89.52893131849143,88.8460840524304,91.34547710056883,90.97920689961083,90.62301670376195,92.08962854746008,91.71770306900845,90.9846704471412,89.31933722154835,,0.5268319698611872,0.7441516289124509,1.1609578362536348,2.0108942476952514,92.46215500588768,91.71710208903248,92.46215500588768,90.97385211210518,92.46215500588768,89.52893131849143,92.46215500588768,86.56456879967371,0.7450529168552009,2.93322368739625,1070,17,-0.9659258262890683,-0.25881904510252063,True,False,False,False,True
93.20117189022191,92.46215500588768,91.71710208903248,90.97385211210518,90.24131171018917,89.52893131849143,92.08962854746008,91.71800355899643,91.35173335803842,92.8316634480548,92.46014299504736,91.71911856148729,89.98299753060319,,0.5225638503341099,0.7420369464260511,1.17131597609257,2.094137381605454,93.20117189022191,92.46215500588768,93.20117189022191,91.71710208903248,93.20117189022191,90.24131171018917,93.20117189022191,87.05538112362913,0.7390168843342337,2.9598601800327486,1075,17,-0.9659258262890683,-0.25881904510252063,True,False,False,False,True
93.92774308538296,93.20117189022191,92.46215500588768,91.71710208903248,90.97385211210518,90.24131171018917,92.8316634480548,92.4591369896272,92.08751200116355,93.56445748780243,93.19702332716417,92.45640483652605,90.67023372677856,,0.5137634191232515,0.7328028470476723,1.1687684120908415,2.1534428798134173,93.92774308538296,93.20117189022191,93.92774308538296,92.46215500588768,93.92774308538296,90.97385211210518,93.92774308538296,87.60253447360776,0.7265711951610427,2.9538909732777796,1080,18,-1.0,-1.8369701987210297e-16,False,True,False,False,True
94.6370680223142,93.92774308538296,93.20117189022191,92.46215500588768,91.71710208903248,90.97385211210518,93.56445748780243,93.19494904563533,92.82242258720771,94.28240555384858,93.9219943326397,93.18904801856783,91.37368708164921,,0.5015684729789601,0.7179653276293141,1.1551599015512117,2.1886671622782985,94.6370680223142,93.92774308538296,94.6370680223142,93.20117189022191,94.6370680223142,91.71710208903248,94.6370680223142,88.20145153043671,0.7093249369312389,2.9199659332817163,1085,18,-1.0,-1.8369701987210297e-16,False,True,False,False,True
95.32596966039526,94.6370680223142,93.92774308538296,93.20117189022191,92.46215500588768,91.71710208903248,94.28240555384858,93.91911995626805,93.54961151410095,94.98151884135473,94.63026025603081,93.9108215328404,92.08613889464507,,0.48712701986793944,0.6991381466125737,1.1327623147547963,2.2008573798153996,95.32596966039526,94.6370680223142,95.32596966039526,93.92774308538296,95.32596966039526,92.46215500588768,95.32596966039526,88.8460840524304,0.6889016380810631,2.8638146545075784,1090,18,-1.0,-1.8369701987210297e-16,False,True,False,False,True
95.99278107693183,95.32596966039526,94.6370680223142,93.92774308538296,93.20117189022191,92.46215500588768,94.98151884135473,94.62685637288911,94.26357077530858,95.65937536866355,95.31860625321376,94.61694674704923,92.80080859709521,,0.4715068744160965,0.6778865218154448,1.1040220325164392,2.1921660718834923,95.99278107693183,95.32596966039526,95.99278107693183,94.6370680223142,95.99278107693183,93.20117189022191,95.99278107693183,89.52893131849143,0.666811416536575,2.7916091867099198,1095,18,-1.0,-1.8369701987210297e-16,False,True,False,False,True
96.63714829569332,95.99278107693183,95.32596966039526,94.6370680223142,93.92774308538296,93.20117189022191,95.65937536866355,95.31492454962302,94.9602620811574,96.31496468631258,95.98529967767347,95.30414202814352,93.5116302948154,,0.45563642997124176,0.6556213327344941,1.0713388438368565,2.165640148566621,96.63714829569332,95.99278107693183,96.63714829569332,95.32596966039526,96.63714829569332,93.92774308538296,96.63714829569332,90.24131171018917,0.644367218761488,2.709405210310365,1100,18,-1.0,-1.8369701987210297e-16,False,True,False,False,True
97.25979016657706,96.63714829569332,95.99278107693183,95.32596966039526,94.6370680223142,93.92774308538296,96.31496468631258,95.98155897804429,95.63710815900376,96.94846923113519,96.62990651306741,95.97055144438234,94.21347814045419,,0.4402742891634584,0.6335355877079775,1.0368999125665035,2.124925882963879,97.25979016657706,96.63714829569332,97.25979016657706,95.99278107693183,97.25979016657706,94.6370680223142,97.25979016657706,90.97385211210518,0.62264187088374,2.622722144262866,1105,18,-1.0,-1.8369701987210297e-16,False,True,False,False,True
97.86222309909392,97.25979016657706,96.63714829569332,95.99278107693183,95.32596966039526,94.6370680223142,96.94846923113519,96.62628562175445,96.29287991348616,97.5610066328355,97.2530538537881,96.61558245973828,94.90231523915307,,0.4259844118038549,0.612565181784054,1.0025672387892945,2.073938485025075,97.86222309909392,97.25979016657706,97.86222309909392,96.63714829569332,97.86222309909392,95.32596966039526,97.86222309909392,91.71710208903248,0.6024329325168623,2.5362534386986653,1110,18,-1.0,-1.8369701987210297e-16,False,True,False,False,True
98.441659960303,97.86222309909392,97.25979016657706,96.63714829569332,95.99278107693183,95.32596966039526,97.5610066328355,97.24968569739363,96.92750208801289,98.15194152969846,97.85455774199131,97.23872051971982,95.57477102628012,,0.40972373384172955,0.5909721826151869,0.9683125696314988,2.0157821185181586,98.441659960303,97.86222309909392,98.441659960303,97.25979016657706,98.441659960303,95.99278107693183,98.441659960303,92.46215500588768,0.579436861209075,2.448878883371165,1115,18,-1.0,-1.8369701987210297e-16,False,True,False,False,True
99.00558876087936,98.441659960303,97.86222309909392,97.25979016657706,96.63714829569332,95.99278107693183,98.15194152969846,97.85072506344002,97.53940412799815,98.72362436059117,98.43649060675875,97.84128205650934,96.2291144017793,,0.39875787900544085,0.5717003592962295,0.9360252652115786,1.9542227000091514,99.00558876087936,98.441659960303,99.00558876087936,97.86222309909392,99.00558876087936,96.63714829569332,99.00558876087936,93.20117189022191,0.5639288005763632,2.3684404651860405,1120,18,-1.0,-1.8369701987210297e-16,False,True,False,False,True
99.6293554772583,99.00558876087936,98.441659960303,97.86222309909392,97.25979016657706,96.63714829569332,98.72362436059117,98.43390592998665,98.13268946372821,99.31747211906884,99.02553473281357,98.43972349282232,96.87193276048292,,0.4410696750402744,0.5940989325155359,0.9302124581281606,1.9041453710346572,99.6293554772583,99.00558876087936,99.6293554772583,98.441659960303,99.6293554772583,97.25979016657706,99.6293554772583,93.92774308538296,0.6237667163789382,2.3695653106812387,1125,18,-1.0,-1.8369701987210297e-16,False,True,False,False,True
100.43818079772488,99.6293554772583,99.00558876087936,98.441659960303,97.86222309909392,97.25979016657706,99.31747211906884,99.03550771878065,98.74578928817611,100.03376813749159,99.69104167862083,99.07540161905189,97.52297653171712,,0.5719258689050863,0.7182853726807119,1.0052781223779976,1.898631631401761,100.43818079772488,99.6293554772583,100.43818079772488,99.00558876087936,100.43818079772488,97.86222309909392,100.43818079772488,94.6370680223142,0.8088253204665818,2.5759576986309582,1130,18,-1.0,-1.8369701987210297e-16,False,True,False,False,True
101.57732381618236,100.43818079772488,99.6293554772583,99.00558876087936,98.441659960303,97.86222309909392,100.03376813749159,99.72188477930212,99.43992037901394,101.00775230695362,100.54828669705518,99.81842176246957,98.21700211110394,,0.8054957530979819,0.9786407125104725,1.2318435680831474,1.9926466926569224,101.57732381618236,100.43818079772488,101.57732381618236,99.6293554772583,101.57732381618236,98.441659960303,101.57732381618236,95.32596966039526,1.1391430184574745,3.1356638558793577,1135,18,-1.0,-1.8369701987210297e-16,False,True,False,False,True
103.1550151932392,101.57732381618236,100.43818079772488,99.6293554772583,99.00558876087936,98.441659960303,101.00775230695362,100.60333964672033,100.29145628853087,102.36616950471077,101.72350660238214,100.7610928090568,98.99990666438832,,1.1155962713401895,1.3643036093253307,1.6480286296732811,2.2517222235574907,103.1550151932392,101.57732381618236,103.1550151932392,100.43818079772488,103.1550151932392,99.00558876087936,103.1550151932392,95.99278107693183,1.577691377056837,4.1494264323598316,1140,19,-0.9659258262890684,0.2588190451025203,False,True,False,False,True
105.20420074173964,103.1550151932392,101.57732381618236,100.43818079772488,99.6293554772583,99.00558876087936,102.36616950471077,101.79659799548205,101.39218533524874,104.17960796748942,103.31217991705374,102.00081520522888,99.9210486308691,,1.4489929972569142,1.8185391447845236,2.2270411422635967,2.7202473789460466,105.20420074173964,103.1550151932392,105.20420074173964,101.57732381618236,105.20420074173964,99.6293554772583,105.20420074173964,96.63714829569332,2.0491855485004464,5.57484526448134,1145,19,-0.9659258262890684,0.2588190451025203,False,True,False,False,True
107.68403736710562,105.20420074173964,103.1550151932392,101.57732381618236,100.43818079772488,99.6293554772583,104.17960796748942,103.390762278961,102.82119076973225,106.44411905442263,105.34775110069482,103.61175158319834,101.02573753801035,,1.7535092940332278,2.267920962474331,2.895620047065551,3.3972918808945005,107.68403736710562,105.20420074173964,107.68403736710562,103.1550151932392,107.68403736710562,100.43818079772488,107.68403736710562,97.25979016657706,2.4798366253659765,7.245856569380734,1150,19,-0.9659258262890684,0.2588190451025203,False,True,False,False,True
110.49372405800928,107.68403736710562,105.20420074173964,103.1550151932392,101.57732381618236,100.43818079772488,106.44411905442263,105.4195262801724,104.630680591644,109.08888071255745,107.79398738895152,105.62286023525522,102.34913092715355,,1.9867485121493869,2.64647519992876,3.5568829538524573,4.240296604276162,110.49372405800928,107.68403736710562,110.49372405800928,105.20420074173964,110.49372405800928,101.57732381618236,110.49372405800928,97.86222309909392,2.8096866909036606,8.91640024182692,1155,19,-0.9659258262890684,0.2588190451025203,False,True,False,False,True
113.48543705622488,110.49372405800928,107.68403736710562,105.20420074173964,103.1550151932392,101.57732381618236,109.08888071255745,107.84896239987447,106.82436962562423,111.98958055711708,110.55439949377991,108.00448288326372,103.91145232286665,,2.1154605484038056,2.9011757478008415,4.113963494906478,5.177918163144391,113.48543705622488,110.49372405800928,113.48543705622488,107.68403736710562,113.48543705622488,103.1550151932392,113.48543705622488,98.441659960303,2.991712998215604,10.330421862985688,1160,19,-0.9659258262890684,0.2588190451025203,False,True,False,False,True
116.47715354771108,113.48543705622488,110.49372405800928,107.68403736710562,105.20420074173964,103.1550151932392,111.98958055711708,110.58473721166524,109.34481889898225,114.98129530196798,113.48543822064842,110.6689105541581,105.71500168160746,,2.115463018519058,2.991714744854418,4.485301544883785,6.116896856943262,116.47715354771108,113.48543705622488,116.47715354771108,110.49372405800928,116.47715354771108,105.20420074173964,116.47715354771108,99.00558876087936,2.9917164914862013,11.272952805971443,1165,19,-0.9659258262890684,0.2588190451025203,False,True,False,False,True
119.27432891097064,116.47715354771108,113.48543705622488,110.49372405800928,107.68403736710562,105.20420074173964,114.98129530196798,113.48543880286019,112.08059545740835,117.87574122934086,116.41230650496887,113.4829361880043,107.74187569661657,,1.9779016675303542,2.8949906875013838,4.61162092480105,6.948259533239389,119.27432891097064,116.47715354771108,119.27432891097064,113.48543705622488,119.27432891097064,107.68403736710562,119.27432891097064,99.6293554772583,2.797175363259555,11.590291543865021,1170,19,-0.9659258262890684,0.2588190451025203,False,True,False,False,True
121.7030295239028,119.27432891097064,116.47715354771108,113.48543705622488,110.49372405800928,107.68403736710562,117.87574122934086,116.37988298359775,114.88402648448997,120.48867921743673,119.15150399419484,116.28673461936373,109.94924310128104,,1.717350672877982,2.6151021776959604,4.463867967179473,7.563662532568114,121.7030295239028,119.27432891097064,121.7030295239028,116.47715354771108,121.7030295239028,110.49372405800928,121.7030295239028,100.43818079772488,2.428700612932161,11.209305465893522,1175,19,-0.9659258262890684,0.2588190451025203,False,True,False,False,True
123.64097003893797,121.7030295239028,119.27432891097064,116.47715354771108,113.48543705622488,110.49372405800928,120.48867921743673,119.09009153580695,117.59423329006384,122.67199978142038,121.5394428246038,118.91618381554947,112.26952202540235,,1.3703308797195615,2.1879120506260192,4.051550961656186,7.874339871416335,123.64097003893797,121.7030295239028,123.64097003893797,119.27432891097064,123.64097003893797,113.48543705622488,123.64097003893797,101.57732381618236,1.9379405150351658,10.155532982713083,1180,19,-0.9659258262890684,0.2588190451025203,False,True,False,False,True
125.03097563076896,123.64097003893797,121.7030295239028,119.27432891097064,116.47715354771108,113.48543705622488,122.67199978142038,121.45764947495431,120.05906179332453,124.33597283485346,123.45832506453657,121.22529153045829,114.614887206861,,0.9828823798736268,1.6714741136424711,3.4241070793671997,7.828518186220653,125.03097563076896,123.64097003893797,125.03097563076896,121.7030295239028,125.03097563076896,116.47715354771108,125.03097563076896,103.1550151932392,1.3900055918309988,8.55382208305788,1185,19,-0.9659258262890684,0.2588190451025203,False,True,False,False,True
125.87522230674534,125.03097563076896,123.64097003893797,121.7030295239028,119.27432891097064,116.47715354771108,124.33597283485346,123.36700257733588,122.1526522708698,125.45309896875716,124.84905599215075,123.10490528226515,116.88690791821162,,0.5969725495814022,1.1281807768512722,2.6603730849749425,7.419321410965679,125.87522230674534,125.03097563076896,125.87522230674534,123.64097003893797,125.87522230674534,119.27432891097064,125.87522230674534,105.20420074173964,0.8442466759763789,6.600893395774705,1190,19,-0.9659258262890684,0.2588190451025203,False,True,False,False,True
126.21879762096027,125.87522230674534,125.03097563076896,123.64097003893797,121.7030295239028,119.27432891097064,125.45309896875716,124.75809617284165,123.78912591532406,126.04700996385282,125.70833185282487,124.49379902426308,118.98836760613366,,0.2429444345400758,0.6112442947159219,1.8498797821003634,6.682100152616595,126.21879762096027,125.87522230674534,126.21879762096027,125.03097563076896,126.21879762096027,121.7030295239028,126.21879762096027,107.68403736710562,0.3435753142149309,4.5157680970574745,1195,19,-0.9659258262890684,0.2588190451025203,False,True,False,False,True
126.13140259209032,126.21879762096027,125.87522230674534,125.03097563076896,123.64097003893797,121.7030295239028,126.04700996385282,125.62488662586462,124.92988382994912,126.17510010652529,126.07514083993198,125.37947363790056,120.83310412863216,,0.061797617596670476,0.1785638197433561,1.079290770356146,5.686814186535083,126.21879762096027,126.13140259209032,126.21879762096027,125.87522230674534,126.21879762096027,123.64097003893797,126.21879762096027,110.49372405800928,-0.08739502886994899,2.4904325531523597,1200,20,-0.8660254037844386,0.5000000000000001,False,True,False,False,True
125.69214569600048,126.13140259209032,126.21879762096027,125.87522230674534,125.03097563076896,123.64097003893797,126.17510010652529,126.00331244941783,125.58118911142964,125.91177414404541,126.01411530301702,125.78970876931308,122.35294629243128,,0.3106015299162487,0.282237123124344,0.47259364283411753,4.529741260817791,126.13140259209032,125.69214569600048,126.21879762096027,125.69214569600048,126.21879762096027,125.03097563076896,126.21879762096027,113.48543705622488,-0.4392568960898444,0.6611700652315164,1205,20,-0.8660254037844386,0.5000000000000001,False,True,False,False,True
124.9789746455651,125.69214569600048,126.13140259209032,126.21879762096027,125.87522230674534,125.03097563076896,125.91177414404541,125.95547165848038,125.7836840013729,125.3355601707828,125.6008409778853,125.77930857227231,123.5023000513653,,0.5042880859138991,0.5816140959997168,0.4935716838466476,3.328666186579469,125.69214569600048,124.9789746455651,126.13140259209032,124.9789746455651,126.21879762096027,124.9789746455651,126.21879762096027,116.47715354771108,-0.7131710504353777,-0.8962476611802401,1210,20,-0.8660254037844386,0.5000000000000001,False,True,False,False,True
124.06243443839594,124.9789746455651,125.69214569600048,126.13140259209032,126.21879762096027,125.87522230674534,125.3355601707828,125.55518861882771,125.59888613326268,124.52070454198052,124.91118492665385,125.41675099860242,124.2608281404338,,0.6480917957235091,0.8169677351665703,0.9021736812232108,2.2342681066059527,124.9789746455651,124.06243443839594,125.69214569600048,124.06243443839594,126.21879762096027,124.06243443839594,126.21879762096027,119.27432891097064,-0.9165402071691631,-2.156363182564334,1215,20,-0.8660254037844386,0.5000000000000001,False,True,False,False,True
123.0027487714837,124.06243443839594,124.9789746455651,125.69214569600048,126.13140259209032,126.21879762096027,124.52070454198052,124.8772900671982,125.09691851524313,123.53259160493982,124.01471928514825,124.7735412287071,124.63367012648507,,0.7493109210034654,0.9889766065252331,1.2620621351604047,1.5001875222519514,124.06243443839594,123.0027487714837,124.9789746455651,123.0027487714837,126.13140259209032,123.0027487714837,126.21879762096027,121.7030295239028,-1.0596856669122445,-3.1286538206066297,1220,20,-0.8660254037844386,0.5000000000000001,False,True,False,False,True
121.8491498485251,123.0027487714837,124.06243443839594,124.9789746455651,125.69214569600048,126.13140259209032,123.53259160493982,123.99086170852439,124.34744723374209,122.4259493100044,122.97144435280158,123.91709067999406,124.64828215894734,,0.8157176211969434,1.1069743194543997,1.5339445135322614,1.4688554553810391,123.0027487714837,121.8491498485251,124.06243443839594,121.8491498485251,125.69214569600048,121.8491498485251,126.21879762096027,121.8491498485251,-1.1535989229585937,-3.842995847475379,1225,20,-0.8660254037844386,0.5000000000000001,False,True,False,False,True
120.64056177558084,121.8491498485251,123.0027487714837,124.06243443839594,124.9789746455651,125.69214569600048,122.4259493100044,122.95579214346051,123.41406224704511,121.24485581205298,121.83082013186322,122.90677389591015,124.3482413326116,,0.8546008220434245,1.1812001671214014,1.724316126249856,1.931169108443969,121.8491498485251,120.64056177558084,123.0027487714837,120.64056177558084,124.9789746455651,120.64056177558084,126.21879762096027,120.64056177558084,-1.2085880729442664,-4.338412869984268,1230,20,-0.8660254037844386,0.5000000000000001,False,True,False,False,True
119.40698332805538,120.64056177558084,121.8491498485251,123.0027487714837,124.06243443839594,124.9789746455651,121.24485581205298,121.82165527353226,122.35149810698839,120.0237725518181,120.63223165072043,121.79237563240818,123.78584210234025,,0.8722716853742098,1.2211045703299643,1.8464943160267295,2.457453576644957,120.64056177558084,119.40698332805538,121.8491498485251,119.40698332805538,124.06243443839594,119.40698332805538,126.21879762096027,119.40698332805538,-1.2335784475254599,-4.6554511103405645,1235,20,-0.8660254037844386,0.5000000000000001,False,True,False,False,True
118.17113407996894,119.40698332805538,120.64056177558084,121.8491498485251,123.0027487714837,124.06243443839594,120.0237725518181,120.62806658829024,121.20486604976954,118.78905870401215,119.40622639453505,120.61411556072278,123.0154332796626,,0.8738773838496942,1.2347140218264283,1.9142168406627045,2.897812234727161,119.40698332805538,118.17113407996894,120.64056177558084,118.17113407996894,123.0027487714837,118.17113407996894,126.21879762096027,118.17113407996894,-1.2358492480864385,-4.831614691514758,1240,20,-0.8660254037844386,0.5000000000000001,False,True,False,False,True
116.95009738573157,118.17113407996894,119.40698332805538,120.64056177558084,121.8491498485251,123.0027487714837,118.78905870401215,119.40584792777489,120.01014196424703,117.56061573285025,118.17607159791862,119.40358528357237,122.08856325613974,,0.863403326576475,1.228450413215547,1.9396808541571045,3.2233818977325,118.17113407996894,116.95009738573157,119.40698332805538,116.95009738573157,121.8491498485251,116.95009738573157,126.13140259209032,116.95009738573157,-1.2210366942373696,-4.899052462793534,1245,20,-0.8660254037844386,0.5000000000000001,False,True,False,False,True
115.75681349224642,116.95009738573157,118.17113407996894,119.40698332805538,120.64056177558084,121.8491498485251,117.56061573285025,118.17854035689348,118.7953295806562,116.35345543898899,116.95934831931565,118.18511801231662,121.05110434615536,,0.843779132967869,1.2071868786248618,1.9328924740519589,3.4398806989141346,116.95009738573157,115.75681349224642,118.17113407996894,115.75681349224642,120.64056177558084,115.75681349224642,125.69214569600048,115.75681349224642,-1.1932838934851446,-4.883748283334413,1250,20,-0.8660254037844386,0.5000000000000001,False,True,False,False,True
114.6013543908123,115.75681349224642,116.95009738573157,118.17113407996894,119.40698332805538,120.64056177558084,116.35345543898899,116.96397378610769,117.5818984101509,115.17908394152937,115.76942175626344,116.97727653536292,119.94202521563652,,0.8170329660118859,1.174422258093915,1.9015812971053923,3.562995891456255,115.75681349224642,114.6013543908123,116.95009738573157,114.6013543908123,119.40698332805538,114.6013543908123,124.9789746455651,114.6013543908123,-1.1554591014341185,-4.805628937243071,1255,20,-0.8660254037844386,0.5000000000000001,False,True,False,False,True
113.49195899191552,114.6013543908123,115.75681349224642,116.95009738573157,118.17113407996894,119.40698332805538,115.17908394152937,115.77572588827194,116.38624423539062,114.04665669136392,114.61670895832475,115.79427166813495,118.79332365027156,,0.7844610095814878,1.1325053196319124,1.8513850503600195,3.610044619158158,114.6013543908123,113.49195899191552,115.75681349224642,113.49195899191552,118.17113407996894,113.49195899191552,124.06243443839594,113.49195899191552,-1.1093953988967797,-4.679175088053412,1260,21,-0.7071067811865477,0.7071067811865474,False,True,False,False,True
112.43583180649864,113.49195899191552,114.6013543908123,115.75681349224642,116.95009738573157,118.17113407996894,114.04665669136392,114.62438624208097,115.22102818882354,112.96389539920708,113.50971506307549,114.6472112134409,117.63066338708184,,0.7467946946085279,1.0828704790325094,1.7861558837774496,3.5967297575702073,113.49195899191552,112.43583180649864,114.6013543908123,112.43583180649864,116.95009738573157,112.43583180649864,123.0027487714837,112.43583180649864,-1.0561271854168837,-4.5142655792329265,1265,21,-0.7071067811865477,0.7071067811865474,False,True,False,False,True
111.4397175891685,112.43583180649864,113.49195899191552,114.6013543908123,115.75681349224642,116.95009738573157,112.96389539920708,113.51859309865547,114.09632264937252,111.93777469783356,112.45583612919422,113.54513525412828,116.47436026885032,,0.7043591179156967,1.0262669357929382,1.7083094634285918,3.5359475238689537,112.43583180649864,111.4397175891685,113.49195899191552,111.4397175891685,115.75681349224642,111.4397175891685,121.8491498485251,111.4397175891685,-0.9961142173301454,-4.317095903077927,1270,21,-0.7071067811865477,0.7071067811865474,False,True,False,False,True
110.51026358699578,111.4397175891685,112.43583180649864,113.49195899191552,114.6013543908123,115.75681349224642,111.93777469783356,112.46583829054201,113.0205359899904,110.97499058808214,111.46193766088764,112.49582527307814,115.3404716426974,,0.6572232277430512,0.962976396751193,1.6191782728208874,3.437560117672784,111.4397175891685,110.51026358699578,112.43583180649864,110.51026358699578,114.6013543908123,110.51026358699578,120.64056177558084,110.51026358699578,-0.9294540021727187,-4.0910908038165275,1275,21,-0.7071067811865477,0.7071067811865474,False,True,False,False,True
109.6541741989468,110.51026358699578,111.4397175891685,112.43583180649864,113.49195899191552,114.6013543908123,110.97499058808214,111.47304769674722,112.00111128945565,110.0822188929713,110.53471845837036,111.50638923470505,114.241832885034,,0.6053466115976802,0.8930228609398398,1.5193553491555365,3.3086473917640373,110.51026358699578,109.6541741989468,111.4397175891685,109.6541741989468,113.49195899191552,109.6541741989468,119.40698332805538,109.6541741989468,-0.8560893880489715,-3.837784792968719,1280,21,-0.7071067811865477,0.7071067811865474,False,True,False,False,True
108.87815377114084,109.6541741989468,110.51026358699578,111.4397175891685,112.43583180649864,113.49195899191552,110.0822188929713,110.54694589405764,111.04500300272272,109.26616398504382,109.68086385236114,110.58362819055012,113.18894992934254,,0.5487293068481427,0.8163821813168323,1.409029575290141,3.1539917815216385,109.6541741989468,108.87815377114084,110.51026358699578,108.87815377114084,112.43583180649864,108.87815377114084,118.17113407996894,108.87815377114084,-0.7760204278059604,-3.557678035357796,1285,21,-0.7071067811865477,0.7071067811865474,False,True,False,False,True
108.18862657567348,108.87815377114084,109.6541741989468,110.51026358699578,111.4397175891685,112.43583180649864,109.26616398504382,109.69420867906831,110.15893568015467,108.53339017340716,108.90698484858704,109.73418714438507,112.19069917891298,,0.4875693557358803,0.733199074133425,1.2883207502354808,2.976668655175074,108.87815377114084,108.18862657567348,109.6541741989468,108.18862657567348,111.4397175891685,108.18862657567348,116.95009738573157,108.18862657567348,-0.6895271954673632,-3.2510910134950137,1290,21,-0.7071067811865477,0.7071067811865474,False,True,False,False,True
107.59122525380477,108.18862657567348,108.87815377114084,109.6541741989468,110.51026358699578,111.4397175891685,108.53339017340716,108.92140038731014,109.34944508133464,107.88992591473912,108.21933520020634,108.96448867731233,111.25481196572032,,0.4224265257930322,0.6440135999482175,1.1576219522447446,2.778677680776739,108.18862657567348,107.59122525380477,108.87815377114084,107.59122525380477,110.51026358699578,107.59122525380477,115.75681349224642,107.59122525380477,-0.5974013218687162,-2.9190383331910112,1295,21,-0.7071067811865477,0.7071067811865474,False,True,False,False,True
107.09005842942852,107.59122525380477,108.18862657567348,108.87815377114084,109.6541741989468,110.51026358699578,107.88992591473912,108.23468951247281,108.62269972637579,107.34064184161664,107.62330341963559,108.28044764579889,110.38813645943851,,0.35437846003413626,0.5499861357778192,1.0179467515643141,2.5615823413607917,107.59122525380477,107.09005842942852,108.18862657567348,107.09005842942852,109.6541741989468,107.09005842942852,114.6013543908123,107.09005842942852,-0.5011668243762415,-2.5641157695182812,1300,21,-0.7071067811865477,0.7071067811865474,False,True,False,False,True
106.68681195250002,107.09005842942852,107.59122525380477,108.18862657567348,108.87815377114084,109.6541741989468,107.34064184161664,107.639342502551,107.98410610028469,106.88843519096427,107.12269854524443,107.68697519650952,109.59668221560727,,0.285138318340828,0.4530892713186456,0.8712583853092641,2.3271331049113866,107.09005842942852,106.68681195250002,107.59122525380477,106.68681195250002,108.87815377114084,106.68681195250002,113.49195899191552,106.68681195250002,-0.40324647692850135,-2.1913418186408222,1305,21,-0.7071067811865477,0.7071067811865474,False,True,False,False,True
106.37980522753696,106.68681195250002,107.09005842942852,107.59122525380477,108.18862657567348,108.87815377114084,106.88843519096427,107.1390186031524,107.43771926408675,106.53330859001849,106.71889186982185,107.18730548778873,108.88546683916942,,0.21708653711131884,0.35621165553681666,0.7207292379848345,2.0778402159529583,106.68681195250002,106.37980522753696,107.09005842942852,106.37980522753696,108.18862657567348,106.37980522753696,112.43583180649864,106.37980522753696,-0.3070067249630597,-1.8088213481365187,1310,21,-0.7071067811865477,0.7071067811865474,False,True,False,False,True
106.16319605243903,106.37980522753696,106.68681195250002,107.09005842942852,107.59122525380477,108.18862657567348,106.53330859001849,106.73493182848274,106.98551524067086,106.271500639988,106.40993774415868,106.78221938314186,108.25820326376348,,0.15316581660764797,0.2631052624655497,0.5708513360729038,1.8174417481729719,106.37980522753696,106.16319605243903,106.68681195250002,106.16319605243903,107.59122525380477,106.16319605243903,111.4397175891685,106.16319605243903,-0.2166091750979291,-1.4280292013657316,1315,21,-0.7071067811865477,0.7071067811865474,False,True,False,False,True
106.02656686995635,106.16319605243903,106.37980522753696,106.68681195250002,107.09005842942852,107.59122525380477,106.271500639988,106.42500400246954,106.62662724093377,106.0948814611977,106.18985604997745,106.46928770637219,107.71688819184226,,0.09661142148717591,0.17812187102526178,0.42730961897442143,1.5511930208904665,106.16319605243903,106.02656686995635,106.37980522753696,106.02656686995635,107.09005842942852,106.02656686995635,110.51026358699578,106.02656686995635,-0.13662918248267886,-1.063491559472169,1320,22,-0.5000000000000004,0.8660254037844384,False,True,False,False,True
105.95509134738066,106.02656686995635,106.16319605243903,106.37980522753696,106.68681195250002,107.09005842942852,106.0948814611977,106.20318604874666,106.35668941122819,105.9908291086685,106.04828475659201,106.24229428996262,107.26137096788075,,0.050540826789752004,0.10573855510743864,0.29655757931734894,1.2858987649017508,106.02656686995635,105.95509134738066,106.16319605243903,105.95509134738066,106.68681195250002,105.95509134738066,109.6541741989468,105.95509134738066,-0.071475522575696,-0.7317206051193637,1325,22,-0.5000000000000004,0.8660254037844384,False,True,False,False,True
105.930359375517,105.95509134738066,106.02656686995635,106.16319605243903,106.37980522753696,106.68681195250002,105.9908291086685,106.05914369990984,106.16744828745881,105.94272536144882,105.97067253095133,106.091003774566,106.88898948553776,,0.017488145270541294,0.04996048915972092,0.18510060082290933,1.029629144383172,105.95509134738066,105.930359375517,106.02656686995635,105.930359375517,106.37980522753696,105.930359375517,108.87815377114084,105.930359375517,-0.02473197186365894,-0.4494458520199629,1330,22,-0.5000000000000004,0.8660254037844384,False,True,False,False,True
105.93176706601268,105.930359375517,105.95509134738066,106.02656686995635,106.16319605243903,106.37980522753696,105.94272536144882,105.97846312273668,106.04677771397802,105.93106322076484,105.93907259630345,106.00139614226114,106.59435081502495,,0.0009953919532627537,0.013890489807514261,0.09855371755600398,0.7911037520364702,105.93176706601268,105.930359375517,105.95509134738066,105.930359375517,106.16319605243903,105.930359375517,108.18862657567348,105.930359375517,0.0014076904956823455,-0.23142898642635146,1335,22,-0.5000000000000004,0.8660254037844384,False,True,False,False,True
105.93822774702264,105.93176706601268,105.930359375517,105.95509134738066,106.02656686995635,106.16319605243903,105.93106322076484,105.94342920669666,105.97916696798453,105.93499740651765,105.93345139618411,105.95640248117786,106.36931093215985,,0.004568392324421595,0.004195898358689565,0.04043583964606872,0.578787920183142,105.93822774702264,105.93176706601268,105.93822774702264,105.930359375517,106.02656686995635,105.930359375517,107.59122525380477,105.930359375517,0.006460681009954783,-0.08833912293371782,1340,22,-0.5000000000000004,0.8660254037844384,False,True,False,False,True
105.92989286998662,105.93822774702264,105.93176706601268,105.930359375517,105.95509134738066,106.02656686995635,105.93499740651765,105.93429356126981,105.94665954720165,105.93406030850463,105.93329589434065,105.93706768118393,106.20317769377804,,0.005893648825369609,0.004372705140717164,0.010615720540475194,0.3998569471865372,105.93822774702264,105.92989286998662,105.93822774702264,105.92989286998662,105.95509134738066,105.92989286998662,107.09005842942852,105.92989286998662,-0.008334877036020316,-0.02519847739404213,1345,22,-0.5000000000000004,0.8660254037844384,False,True,False,False,True
105.88960444479288,105.92989286998662,105.93822774702264,105.93176706601268,105.930359375517,105.95509134738066,105.93406030850463,105.93082996799964,105.9301261227518,105.90974865738974,105.91924168726739,105.92397030066635,106.0831322953145,,0.028488218813706997,0.026002733881713213,0.019499829959642598,0.25962194099376307,105.92989286998662,105.88960444479288,105.93822774702264,105.88960444479288,105.93822774702264,105.88960444479288,106.68681195250002,105.88960444479288,-0.04028842519373654,-0.04075493072411973,1350,22,-0.5000000000000004,0.8660254037844384,False,True,False,False,True
105.80390227283982,105.88960444479288,105.92989286998662,105.93822774702264,105.93176706601268,105.930359375517,105.90974865738974,105.91391609590775,105.91068575540278,105.84675335881636,105.87446652920646,105.89867888013092,105.99484132734847,,0.060600587023869355,0.064344968940673,0.05634315561595194,0.16405259892147145,105.88960444479288,105.80390227283982,105.92989286998662,105.80390227283982,105.93822774702264,105.80390227283982,106.37980522753696,105.80390227283982,-0.08570217195305929,-0.12786479317286137,1355,22,-0.5000000000000004,0.8660254037844384,False,True,False,False,True
105.66352969485246,105.80390227283982,105.88960444479288,105.92989286998662,105.93822774702264,105.93176706601268,105.84675335881636,105.86689757141322,105.87106500993123,105.73371598384614,105.78567880416172,105.84503140589888,105.92321377408003,,0.09925840183252656,0.11413377794299942,0.1145734028624273,0.13016418112117142,105.80390227283982,105.66352969485246,105.88960444479288,105.66352969485246,105.93822774702264,105.66352969485246,106.16319605243903,105.66352969485246,-0.1403725779873639,-0.27469805217018006,1360,22,-0.5000000000000004,0.8660254037844384,False,True,False,False,True
105.46348036561578,105.66352969485246,105.80390227283982,105.88960444479288,105.92989286998662,105.93822774702264,105.73371598384614,105.77656706982268,105.79671128241954,105.56350503023413,105.64363744443602,105.7500819296175,105.85324220539769,,0.14145623730687767,0.1710805218862275,0.18995188975483918,0.1690783957273238,105.66352969485246,105.46348036561578,105.80390227283982,105.46348036561578,105.92989286998662,105.46348036561578,106.02656686995635,105.46348036561578,-0.20004932923667695,-0.4664125043708367,1365,22,-0.5000000000000004,0.8660254037844384,False,True,False,False,True
105.2026875404528,105.46348036561578,105.66352969485246,105.80390227283982,105.88960444479288,105.92989286998662,105.56350503023413,105.63369131922781,105.67654240520433,105.33308395303429,105.44323253364034,105.60464086371076,105.77085427244734,,0.18440837518217235,0.23108732951434813,0.276527578388668,0.2544252243116506,105.46348036561578,105.2026875404528,105.66352969485246,105.2026875404528,105.88960444479288,105.2026875404528,105.95509134738066,105.2026875404528,-0.2607928251629801,-0.6869169043400802,1370,22,-0.5000000000000004,0.8660254037844384,False,True,False,False,True
104.88347759447517,105.2026875404528,105.46348036561578,105.66352969485246,105.80390227283982,105.88960444479288,105.33308395303429,105.43310861765264,105.50329490664632,105.04308256746398,105.18321516684792,105.4034154936472,105.66369289715678,,0.22571551744335516,0.2904912798216231,0.36819966628297335,0.3683669996954255,105.2026875404528,104.88347759447517,105.46348036561578,104.88347759447517,105.80390227283982,104.88347759447517,105.93822774702264,104.88347759447517,-0.31920994597763297,-0.9204246783646539,1375,22,-0.5000000000000004,0.8660254037844384,False,True,False,False,True
104.51090203960683,104.88347759447517,105.2026875404528,105.46348036561578,105.66352969485246,105.80390227283982,105.04308256746398,105.17347898004547,105.2735036446638,104.697189817041,104.86568905817826,105.14481544700061,105.52174716356576,,0.263450701369466,0.34623564061517353,0.4593758433218741,0.5030548960439498,104.88347759447517,104.51090203960683,105.2026875404528,104.51090203960683,105.66352969485246,104.51090203960683,105.93822774702264,104.51090203960683,-0.3725755548683338,-1.1526276552456238,1380,23,-0.25881904510252157,0.9659258262890681,False,True,False,False,True
104.09204000444691,104.51090203960683,104.88347759447517,105.2026875404528,105.46348036561578,105.66352969485246,104.697189817041,104.85679479002982,104.98719120261131,104.30147102202687,104.49547321284297,104.8305175089195,105.33777445740918,,0.2961801854592339,0.39594431586805734,0.5453119184972228,0.6510730228912921,104.51090203960683,104.09204000444691,104.88347759447517,104.09204000444691,105.46348036561578,104.09204000444691,105.93822774702264,104.09204000444691,-0.4188620351599184,-1.3714403611688653,1385,23,-0.25881904510252157,0.9659258262890681,False,True,False,False,True
103.63533623136486,104.09204000444691,104.51090203960683,104.88347759447517,105.2026875404528,105.46348036561578,104.30147102202687,104.48775879946103,104.64736377244986,103.8636881179059,104.07942609180621,104.46488868206931,105.10748530584343,,0.3229383349548432,0.43791917548101483,0.6222649088132941,0.804327569908307,104.09204000444691,103.63533623136486,104.51090203960683,103.63533623136486,105.2026875404528,103.63533623136486,105.92989286998662,103.63533623136486,-0.45670377308205445,-1.5673513090879396,1390,23,-0.25881904510252157,0.9659258262890681,False,True,False,False,True
103.1500145095282,103.63533623136486,104.09204000444691,104.51090203960683,104.88347759447517,105.2026875404528,103.8636881179059,104.07311913548585,104.25940691292001,103.39267537044654,103.62579691511333,104.0543540758844,104.82949746979757,,0.34317428058231525,0.4710851910264062,0.6875151065192595,0.9548153343508352,103.63533623136486,103.1500145095282,104.09204000444691,103.1500145095282,104.88347759447517,103.1500145095282,105.88960444479288,103.1500145095282,-0.48532172183665523,-1.7334630849469619,1395,23,-0.25881904510252157,0.9659258262890681,False,True,False,False,True
102.64558614576484,103.1500145095282,103.63533623136486,104.09204000444691,104.51090203960683,104.88347759447517,103.39267537044654,103.62102725698756,103.83045827456752,102.89780032764652,103.14364562888598,103.60677578614232,104.50509563989476,,0.35668471665418783,0.49490577889739,0.739299961345202,1.0953602809002498,103.1500145095282,102.64558614576484,103.63533623136486,102.64558614576484,104.51090203960683,102.64558614576484,105.80390227283982,102.64558614576484,-0.5044283637633669,-1.865315893841995,1400,23,-0.25881904510252157,0.9659258262890681,False,True,False,False,True
102.13145835239216,102.64558614576484,103.1500145095282,103.63533623136486,104.09204000444691,104.51090203960683,102.89780032764652,103.14046118856484,103.36881307510588,102.3885222490785,102.64235300256173,103.1308870486994,104.13785124785,,0.3635432491046585,0.5092857756116728,0.7766956494307907,1.2200591139012607,102.64558614576484,102.13145835239216,103.1500145095282,102.13145835239216,104.09204000444691,102.13145835239216,105.66352969485246,102.13145835239216,-0.5141277933726798,-1.9605816520547563,1405,23,-0.25881904510252157,0.9659258262890681,False,True,False,False,True
101.61663781944225,102.13145835239216,102.64558614576484,103.1500145095282,103.63533623136486,104.09204000444691,102.3885222490785,102.64073643096017,102.88339729187851,101.8740480859172,102.13122743919975,102.63580661169847,103.73316206030897,,0.36403308995763783,0.5144742020455324,0.7994743672935843,1.324470007861881,102.13145835239216,101.61663781944225,102.64558614576484,101.61663781944225,103.63533623136486,101.61663781944225,105.46348036561578,101.61663781944225,-0.514820532949912,-2.018698411922614,1410,23,-0.25881904510252157,0.9659258262890681,False,True,False,False,True
101.10951922426248,101.61663781944225,102.13145835239216,102.64558614576484,103.1500145095282,103.63533623136486,101.8740480859172,102.13111198260354,102.38332616448523,101.36307852185237,101.61920513203229,102.130643210278,103.29776594617366,,0.35858699753265494,0.5109744012572761,0.8079573741263537,1.4056153159123792,101.61663781944225,101.10951922426248,102.13145835239216,101.10951922426248,103.1500145095282,101.10951922426248,105.2026875404528,101.10951922426248,-0.5071185951797617,-2.0404952852657203,1415,23,-0.25881904510252157,0.9659258262890681,False,True,False,False,True
100.61774590679208,101.10951922426248,101.61663781944225,102.13145835239216,102.64558614576484,103.1500145095282,101.36307852185237,101.62048878832732,101.87755268501365,100.86363256552728,101.11463431683228,101.62418948973075,102.83927178280757,,0.34773624760600524,0.49946560085517466,0.8028767065216751,1.4618634189004853,101.10951922426248,100.61774590679208,101.61663781944225,100.61774590679208,102.64558614576484,100.61774590679208,104.88347759447517,100.61774590679208,-0.491773317470404,-2.0278402389727574,1420,23,-0.25881904510252157,0.9659258262890681,False,True,False,False,True
100.1481294214713,100.61774590679208,101.10951922426248,101.61663781944225,102.13145835239216,102.64558614576484,100.86363256552728,101.11719186311717,101.37460212959212,100.38293766413169,100.62513151750863,101.12469814487206,102.36573696550718,,0.3320690013445262,0.48073745296271875,0.7852528576372118,1.4927424231274653,100.61774590679208,100.1481294214713,101.10951922426248,100.1481294214713,102.13145835239216,100.1481294214713,104.51090203960683,100.1481294214713,-0.4696164853207847,-1.9833289309208624,1425,23,-0.25881904510252157,0.9659258262890681,False,True,False,False,True
99.7066153897958,100.1481294214713,100.61774590679208,101.10951922426248,101.61663781944225,102.13145835239216,100.38293766413169,100.62882432286689,100.88238362045678,99.92737240563355,100.15749690601973,100.63972955235279,101.88530830052609,,0.31219756580543023,0.45563748429497763,0.7562916282523268,1.4987252662832096,100.1481294214713,99.7066153897958,100.61774590679208,99.7066153897958,101.61663781944225,99.7066153897958,104.09204000444691,99.7066153897958,-0.44151403167549574,-1.910022429646446,1430,23,-0.25881904510252157,0.9659258262890681,False,True,False,False,True
99.29828445438484,99.7066153897958,100.1481294214713,100.61774590679208,101.10951922426248,101.61663781944225,99.92737240563355,100.16218064829394,100.40806730702914,99.50244992209032,99.71767642188398,100.1760588793413,101.40593274551989,,0.2887335734179042,0.42503044227769954,0.7173006397875551,1.4810137351827433,99.7066153897958,99.29828445438484,100.1481294214713,99.29828445438484,101.10951922426248,99.29828445438484,103.63533623136486,99.29828445438484,-0.4083309354109588,-1.8112347698776432,1435,23,-0.25881904510252157,0.9659258262890681,False,True,False,False,True
